sublineage,time,mean,upper,lower,time_correct,year,upper_log,lower_log,log
L3.1.1.1,0,13225683.29,2.63E+07,197350.3576,0,2020,7.419955748,5.295237918,6.357596833
L3.1.1.1,1695.658083,13080000.61,2.56E+07,607190.578,3.934005654,2016.065994,7.408239965,5.783325024,6.595782495
L3.1.1.1,3391.316166,13293222.22,2.57E+07,866061.3598,7.914844708,2012.085155,7.409933123,5.937548663,6.673740893
L3.1.1.1,5086.974249,13434922.97,2.59E+07,959155.6061,11.84885036,2008.15115,7.413299764,5.98188907,6.697594417
L3.1.1.1,6782.632333,13615011.01,2.63E+07,968483.3083,15.82968942,2004.170311,7.419955748,5.98609214,6.703023944
L3.1.1.1,8478.290416,13862702.32,2.68E+07,946960.4109,19.76369507,2000.236305,7.428134794,5.976331823,6.702233309
L3.1.1.1,10173.9485,14254380.47,2.76E+07,934499.2961,23.74453413,1996.255466,7.440909082,5.970578979,6.70574403
L3.1.1.1,11869.60658,14393717.16,2.78E+07,962494.0852,27.67853978,1992.32146,7.444044796,5.983398069,6.713721433
L3.1.1.1,13565.26467,14748982.25,2.85E+07,998894.8536,31.65937883,1988.340621,7.45484486,5.999519776,6.727182318
L3.1.1.1,15260.92275,15031233.15,2.90E+07,1065085.246,35.59338449,1984.406616,7.462397998,6.027384369,6.744891183
L3.1.1.1,16956.58083,15392086.55,2.97E+07,1130483.838,39.57422354,1980.425776,7.472756449,6.053264358,6.763010404
L3.1.1.1,18652.23891,15851102.6,3.05E+07,1198217.033,43.5082292,1976.491771,7.484299839,6.078535489,6.781417664
L3.1.1.1,20347.897,16137405.64,3.10E+07,1267679.576,47.48906825,1972.510932,7.491361694,6.103009493,6.797185594
L3.1.1.1,22043.55508,16357953.64,3.14E+07,1323341.881,51.4230739,1968.576926,7.496929648,6.121672057,6.809300853
L3.1.1.1,23739.21316,16736945.94,3.21E+07,1382484.749,55.35707956,1964.64292,7.506505032,6.140660349,6.823582691
L3.1.1.1,25434.87125,16996058.17,3.26E+07,1433178.391,59.33791861,1960.662081,7.5132176,6.156300251,6.834758926
L3.1.1.1,27130.52933,17226104.31,3.30E+07,1463350.148,63.27192427,1956.728076,7.51851394,6.165348256,6.841931098
L3.1.1.1,28826.18741,17517719.49,3.35E+07,1503051.614,67.25276332,1952.747237,7.525044807,6.176973894,6.851009351
L3.1.1.1,30521.8455,17710261.55,3.39E+07,1530015.796,71.18676897,1948.813231,7.530199698,6.184695915,6.857447806
L3.1.1.1,32217.50358,17926754.49,3.43E+07,1546896.449,75.16760803,1944.832392,7.53529412,6.189461243,6.862377681
L3.1.1.1,33913.16166,18134934.4,3.47E+07,1561965.914,79.10161368,1940.898386,7.540329475,6.193671552,6.867000514
L3.1.1.1,35608.81975,18351246.08,3.51E+07,1572644.684,83.08245274,1936.917547,7.545307116,6.196630611,6.870968864
L3.1.1.1,37304.47783,18589420.17,3.56E+07,1568757.095,87.01645839,1932.983542,7.551449998,6.195555703,6.87350285
L3.1.1.1,39000.13591,18773829.97,3.60E+07,1558170.433,90.99729745,1929.002703,7.556302501,6.192614959,6.87445873
L3.1.1.1,40695.794,18922388.31,3.63E+07,1546153,94.9313031,1925.068697,7.559906625,6.189252467,6.874579546
L3.1.1.1,42391.45208,18988466.11,3.65E+07,1517457.456,98.91214215,1921.087858,7.562292864,6.181116524,6.871704694
L3.1.1.1,44087.11016,19245008.07,3.70E+07,1485939.587,102.8461478,1917.153852,7.568201724,6.172001153,6.870101438
L3.1.1.1,45782.76824,19330300.16,3.72E+07,1427280.881,106.7801535,1913.219847,7.57054294,6.154509448,6.862526194
L3.1.1.1,47478.42633,19375556.91,3.75E+07,1296800.408,110.7609925,1909.239007,7.574031268,6.112873138,6.843452203
L3.1.1.1,49174.08441,19494198.09,3.79E+07,1102208.016,114.6949982,1905.305002,7.57863921,6.042263565,6.810451388
L3.1.1.1,50869.74249,19620572.17,3.84E+07,842973.9134,118.6758372,1901.324163,7.584331224,5.925814135,6.75507268
L3.1.1.1,52565.40058,19691775.09,3.87E+07,672902.5733,122.6098429,1897.390157,7.587710965,5.827952189,6.707831577
L3.1.1.1,54261.05866,19812586.37,3.90E+07,580490.6784,126.5906819,1893.409318,7.591064607,5.76379525,6.677429929
L3.1.1.1,55956.71674,19890052.59,3.92E+07,546177.3875,130.5246876,1889.475312,7.593286067,5.737333716,6.665309891
L3.1.1.1,57652.37483,19939935.34,3.94E+07,512317.6933,134.5055266,1885.494473,7.595496222,5.709539355,6.652517788
L3.1.1.1,59348.03291,20163396.25,3.98E+07,487649.0702,138.4395323,1881.560468,7.599883072,5.6881074,6.643995236
L3.1.1.1,61043.69099,20219962.17,4.00E+07,468190.4141,142.4203713,1877.579629,7.602059991,5.670422518,6.636241254
L3.1.1.1,62739.34908,20335813.34,4.02E+07,454644.8434,146.354377,1873.645623,7.604226053,5.65767227,6.630949161
L3.1.1.1,64435.00716,20377515.52,4.03E+07,443551.9916,150.3352161,1869.664784,7.605305046,5.646944534,6.62612479
L3.1.1.1,66130.66524,20463941.58,4.05E+07,431861.2873,154.2692217,1865.730778,7.607455023,5.635344275,6.621399649
L3.1.1.1,67826.32333,20587045.09,4.07E+07,426493.2908,158.2032274,1861.796773,7.609594409,5.629912204,6.619753306
L3.1.1.1,69521.98141,20615187.07,4.08E+07,421626.8356,162.1840664,1857.815934,7.610660163,5.624928245,6.617794204
L3.1.1.1,71217.63949,20664482.38,4.09E+07,416977.064,166.1180721,1853.881928,7.611723308,5.620112167,6.615917738
L3.1.1.1,72913.29757,20829914.69,4.12E+07,412375.5304,170.0989111,1849.901089,7.614897216,5.615292887,6.615095052
L3.1.1.1,74608.95566,20872282.05,4.13E+07,410895.315,174.0329168,1845.967083,7.615950052,5.613731189,6.614840621
L3.1.1.1,76304.61374,20921190.37,4.14E+07,404701.1097,178.0137558,1841.986244,7.617000341,5.607134395,6.612067368
L3.1.1.1,78000.27182,20952105.95,4.15E+07,397783.8263,181.9477615,1838.052239,7.618048097,5.599647121,6.608847609
L3.1.1.1,79695.92991,20987495.23,4.16E+07,393071.0406,185.9286005,1834.071399,7.619093331,5.594471048,6.60678219
L3.1.1.1,81391.58799,21035027.36,4.17E+07,383158.1651,189.8626062,1830.137394,7.620136055,5.583378085,6.60175707
L3.1.1.1,83087.24607,21047985.71,4.17E+07,376302.9615,193.8434453,1826.156555,7.620136055,5.575537636,6.597836846
L3.1.1.1,84782.90416,21138076.74,4.19E+07,371398.3198,197.7774509,1822.222549,7.622214023,5.569839935,6.596026979
L3.1.1.1,86478.56224,21225748.15,4.21E+07,365096.9766,201.75829,1818.24171,7.624282096,5.562408237,6.593345166
L3.1.1.1,88174.22032,21232493.53,4.21E+07,356190.0145,205.6922956,1814.307704,7.624282096,5.55168174,6.587981918
L3.1.1.1,89869.87841,21280133.6,4.22E+07,346834.9548,209.6731347,1810.326865,7.625312451,5.54012286,6.582717656
L3.1.1.1,91565.53649,21339408.35,4.23E+07,335660.6217,213.6071403,1806.39286,7.626340367,5.525900395,6.576120381
L3.1.1.1,93261.19457,21364068.74,4.24E+07,325926.8089,217.541146,1802.458854,7.627365857,5.513120085,6.570242971
L3.1.1.1,94956.85266,21447105.05,4.26E+07,315665.2502,221.521985,1798.478015,7.629409599,5.499226776,6.564318187
L3.1.1.1,96652.51074,21522963.96,4.27E+07,302123.2864,225.4559907,1794.544009,7.630427875,5.4801842,6.555306038
L3.1.1.1,98348.16882,21598323.4,4.29E+07,294229.8045,229.4368297,1790.56317,7.632457292,5.468686663,6.550571978
L3.1.1.1,100043.8269,21713518.31,4.32E+07,275659.7305,233.3708354,1786.629165,7.635483747,5.440373327,6.537928537
L3.1.1.1,101739.485,21752347.6,4.32E+07,265002.4598,237.3516744,1782.648326,7.635483747,5.423249905,6.529366826
L3.1.1.1,103435.1431,21762516.12,4.33E+07,253423.0374,241.2856801,1778.71432,7.636487896,5.403846092,6.520166994
L3.1.1.1,105130.8012,21861068.92,4.35E+07,245162.1334,245.2665192,1774.733481,7.638489257,5.389453392,6.513971324
L3.1.1.1,106826.4592,21857581.19,4.35E+07,238186.679,249.2005248,1770.799475,7.638489257,5.376917469,6.507703363
L3.1.1.1,108522.1173,21893446.9,4.36E+07,229839.2566,253.1813639,1766.818636,7.639486489,5.361424208,6.500455349
L3.1.1.1,110217.7754,21910258.3,4.36E+07,220648.8998,257.1153695,1762.88463,7.639486489,5.343701766,6.491594128
L3.1.1.1,111913.4335,21946817.95,4.37E+07,211015.9484,261.0962086,1758.903791,7.640481437,5.32431528,6.482398359
L3.1.1.1,113609.0916,21969326.99,4.37E+07,203323.4364,265.0302142,1754.969786,7.640481437,5.308187441,6.474334439
L3.1.1.1,115304.7497,22083271.21,4.40E+07,200072.0869,268.9642199,1751.03578,7.643452676,5.301186502,6.472319589
L3.1.1.1,117000.4077,22142689.58,4.41E+07,191071.6891,272.9450589,1747.054941,7.644438589,5.281196343,6.462817466
L3.1.1.1,118696.0658,22155868.02,4.41E+07,186048.4809,276.8790646,1743.120935,7.644438589,5.269626128,6.457032359
L3.1.1.1,120391.7239,22168676.34,4.42E+07,182381.558,280.8599036,1739.140096,7.645422269,5.260980921,6.453201595
L3.1.1.1,122087.382,22183483.01,4.42E+07,180706.5621,284.7939093,1735.206091,7.645422269,5.256973924,6.451198096
L3.1.1.1,123783.0401,22191688.18,4.42E+07,176669.3562,288.7747484,1731.225252,7.645422269,5.247161226,6.446291748
L3.1.1.1,125478.6982,22290560.87,4.44E+07,171126.306,292.708754,1727.291246,7.64738297,5.233316776,6.440349873
L3.1.1.1,127174.3562,22342150.19,4.45E+07,167972.1713,296.6895931,1723.310407,7.648360011,5.225237336,6.436798674
L3.1.1.1,128870.0143,22340354.76,4.45E+07,164381.3097,300.6235987,1719.376401,7.648360011,5.215852436,6.432106224
L3.1.1.1,130565.6724,22380399.25,4.46E+07,160983.5665,304.6044378,1715.395562,7.649334859,5.206781545,6.428058202
L3.1.1.1,132261.3305,22337493.67,4.45E+07,158659.133,308.5384434,1711.461557,7.648360011,5.200465077,6.424412544
L3.1.1.1,133956.9886,22376819.39,4.46E+07,153823.8511,312.5192825,1707.480718,7.649334859,5.18702368,6.418179269
L3.1.1.1,135652.6467,22375141.22,4.46E+07,150467.4964,316.4532881,1703.546712,7.649334859,5.177442695,6.413388777
L3.1.1.1,137348.3047,22444983.28,4.47E+07,146774.8918,320.3872938,1699.612706,7.650307523,5.166651769,6.408479646
L3.1.1.1,139043.9628,22611281.59,4.51E+07,144676.9687,324.3681328,1695.631867,7.654176542,5.160399401,6.407287971
L3.1.1.1,140739.6209,22682635.99,4.52E+07,142993.953,328.3021385,1691.697862,7.655138435,5.155317672,6.405228054
L3.1.1.1,142435.279,22821858,4.55E+07,140775.9032,332.2829775,1687.717022,7.658011397,5.148528322,6.40326986
L3.1.1.1,144130.9371,22820987.62,4.55E+07,139035.1427,336.2169832,1683.783017,7.658011397,5.143124587,6.400567992
L3.1.1.1,145826.5951,22922162.59,4.57E+07,136582.7563,340.1978223,1679.802178,7.6599162,5.135395873,6.397656036
L3.1.1.1,147522.2532,22921106.99,4.57E+07,134471.5642,344.1318279,1675.868172,7.6599162,5.128630457,6.394273328
L3.1.1.1,149217.9113,23003764.86,4.59E+07,132595.5052,348.112667,1671.887333,7.661812686,5.122528802,6.392170744
L3.1.1.1,150913.5694,23018748.84,4.59E+07,130621.3146,352.0466726,1667.953327,7.661812686,5.11601405,6.388913368
L3.1.1.1,152609.2275,23089201.61,4.60E+07,129346.0427,356.0275117,1663.972488,7.662757832,5.111753146,6.387255489
L3.1.1.1,154304.8856,23089918.18,4.61E+07,127499.6372,359.9615173,1660.038483,7.663700925,5.105508949,6.384604937
L3.1.1.1,156000.5436,23217371.38,4.63E+07,126330.1619,363.9423564,1656.057644,7.665580991,5.101507053,6.383544022
L3.1.1.1,157696.2017,23216539.84,4.63E+07,124667.0996,367.876362,1652.123638,7.665580991,5.095751856,6.380666423
L3.1.1.1,159391.8598,23282825.21,4.64E+07,124008.3927,371.8103677,1648.189632,7.666517981,5.093451079,6.37998453
L3.1.1.1,161087.5179,23281955.69,4.64E+07,122269.3341,375.7912067,1644.208793,7.666517981,5.087317547,6.376917764
L3.1.1.1,162783.176,23384989.61,4.66E+07,121625.9639,379.7252124,1640.274788,7.668385917,5.085026295,6.376706106
L3.1.1.1,164478.8341,23384728.18,4.66E+07,121103.1075,383.7060515,1636.293949,7.668385917,5.083155287,6.375770602
L3.1.1.1,166174.4921,23430344.96,4.67E+07,119744.1911,387.6400571,1632.359943,7.669316881,5.078254455,6.373785668
L3.1.1.1,167870.1502,NaN,NaN,NaN,391.6208962,1628.379104,NaN,NaN,NaN
L3.1.1.2,0,14529740.08,2.87E+07,323050.0916,0,2020,7.457881897,5.509269869,6.483575883
L3.1.1.2,644.5035423,14490860.88,2.85E+07,450654.6652,4.262576191,2015.737424,7.45484486,5.653843871,6.554344366
L3.1.1.2,1289.007085,14552021.38,2.85E+07,648376.9767,8.565748346,2011.434252,7.45484486,5.811827585,6.633336223
L3.1.1.2,1933.510627,14679853.27,2.85E+07,904040.7508,12.82832454,2007.171675,7.45484486,5.956188007,6.705516434
L3.1.1.2,2578.014169,14807170.58,2.85E+07,1158675.374,17.09090073,2002.909099,7.45484486,6.063961777,6.759403318
L3.1.1.2,3222.517712,14969176.11,2.86E+07,1368955.361,21.39407288,1998.605927,7.456366033,6.136389287,6.79637766
L3.1.1.2,3867.021254,15168868.24,2.88E+07,1539048.998,25.65664907,1994.343351,7.459392488,6.187252446,6.823322467
L3.1.1.2,4511.524796,15521398.74,2.94E+07,1641751.515,29.91922526,1990.080775,7.46834733,6.215307426,6.841827378
L3.1.1.2,5156.028339,15997283.55,3.03E+07,1725893.791,34.22239742,1985.777603,7.481442629,6.237014066,6.859228347
L3.1.1.2,5800.531881,16490270.19,3.12E+07,1787500.136,38.48497361,1981.515026,7.494154594,6.252246084,6.873200339
L3.1.1.2,6445.035423,16902571.61,3.20E+07,1850781.956,42.7475498,1977.25245,7.505149978,6.267355257,6.886252618
L3.1.1.2,7089.538966,17416450.54,3.29E+07,1901412.415,47.05072196,1972.949278,7.517195898,6.279076325,6.898136112
L3.1.1.2,7734.042508,18059184.92,3.42E+07,1952159.116,51.31329815,1968.686702,7.534026106,6.290515213,6.91227066
L3.1.1.2,8378.54605,18627666.54,3.52E+07,2018830.445,55.57587434,1964.424126,7.546542663,6.305099845,6.925821254
L3.1.1.2,9023.049593,19238574.24,3.64E+07,2107584.793,59.87904649,1960.120954,7.561101384,6.323785056,6.94244322
L3.1.1.2,9667.553135,19875735.89,3.75E+07,2213528.221,64.14162268,1955.858377,7.574031268,6.345085063,6.959558166
L3.1.1.2,10312.05668,20513081.83,3.87E+07,2323584.6,68.40419888,1951.595801,7.587710965,6.366158489,6.976934727
L3.1.1.2,10956.56022,20822132.47,3.92E+07,2417172.422,72.66677507,1947.333225,7.593286067,6.383307631,6.988296849
L3.1.1.2,11601.06376,21425530.75,4.03E+07,2543620.825,76.96994722,1943.030053,7.605305046,6.405452372,7.005378709
L3.1.1.2,12245.5673,21829559.73,4.10E+07,2635463.583,81.23252341,1938.767477,7.612783857,6.420857019,7.016820438
L3.1.1.2,12890.07085,22281407.15,4.18E+07,2759705.876,85.4950996,1934.5049,7.621176282,6.440862798,7.03101954
L3.1.1.2,13534.57439,22861045.97,4.28E+07,2890046.325,89.79827176,1930.201728,7.631443769,6.460904804,7.046174287
L3.1.1.2,14179.07793,23523532.51,4.40E+07,3006154.154,94.06084795,1925.939152,7.643452676,6.478011247,7.060731962
L3.1.1.2,14823.58147,23919238.87,4.47E+07,3144179.87,98.32342414,1921.676576,7.650307523,6.497507383,7.073907453
L3.1.1.2,15468.08502,24331137.91,4.54E+07,3255971.016,102.6265963,1917.373404,7.657055853,6.51268053,7.084868192
L3.1.1.2,16112.58856,24782040.86,4.62E+07,3338973.882,106.8891725,1913.110828,7.664641976,6.523613022,7.094127499
L3.1.1.2,16757.0921,25298169.04,4.72E+07,3411773.032,111.1517487,1908.848251,7.673941999,6.532980132,7.103461065
L3.1.1.2,17401.59564,25920336.01,4.83E+07,3496635.534,115.4549208,1904.545079,7.683947131,6.543650367,7.113798749
L3.1.1.2,18046.09919,26601996.92,4.96E+07,3586160.229,119.717497,1900.282503,7.695481676,6.55462969,7.125055683
L3.1.1.2,18690.60273,27048804.69,5.04E+07,3669672.946,123.9800732,1896.019927,7.702430536,6.56462736,7.133528948
L3.1.1.2,19335.10627,27636776.79,5.15E+07,3753487.347,128.2832454,1891.716755,7.711807229,6.574434956,7.143121093
L3.1.1.2,19979.60981,27971601.16,5.21E+07,3817740.598,132.5458216,1887.454178,7.716837723,6.581806416,7.14932207
L3.1.1.2,20624.11335,28281503.82,5.27E+07,3879280.16,136.8083978,1883.191602,7.721810615,6.588751145,7.15528088
L3.1.1.2,21268.6169,28783818.45,5.36E+07,3940574.82,141.1115699,1878.88843,7.72916479,6.595559578,7.162362184
L3.1.1.2,21913.12044,29158768.1,5.43E+07,3974149.77,145.3741461,1874.625854,7.73479983,6.59924423,7.16702203
L3.1.1.2,22557.62398,29508088.1,5.50E+07,4014614.806,149.6367223,1870.363278,7.740362689,6.603643882,7.172003286
L3.1.1.2,23202.12752,29772594.82,5.55E+07,4059343.998,153.9398944,1866.060106,7.744292983,6.608455856,7.17637442
L3.1.1.2,23846.63107,30139439.29,5.62E+07,4089404.477,158.2024706,1861.797529,7.749736316,6.611660068,7.180698192
L3.1.1.2,24491.13461,30400917.28,5.67E+07,4106675.211,162.4650468,1857.534953,7.753583059,6.613490357,7.183536708
L3.1.1.2,25135.63815,30763721.16,5.74E+07,4116266.357,166.768219,1853.231781,7.758911892,6.614503469,7.186707681
L3.1.1.2,25780.14169,31313445.19,5.85E+07,4123660.477,171.0307952,1848.969205,7.767155866,6.6152829,7.191219383
L3.1.1.2,26424.64524,31406178.25,5.87E+07,4132031.511,175.2933714,1844.706629,7.768638101,6.616163625,7.192400863
L3.1.1.2,27069.14878,31703629.16,5.93E+07,4132845.524,179.5965435,1840.403456,7.773054693,6.616249173,7.194651933
L3.1.1.2,27713.65232,31902965.09,5.97E+07,4125384.45,183.8591197,1836.14088,7.775974331,6.615464427,7.195719379
L3.1.1.2,28358.15586,32344935.94,6.06E+07,4125384.45,188.1216959,1831.878304,7.782472624,6.615464427,7.198968526
L3.1.1.2,29002.65941,32857312.35,6.16E+07,4112641.397,192.4248681,1827.575132,7.789580712,6.614120843,7.201850777
L3.1.1.2,29647.16295,32928975.82,6.18E+07,4105662.373,196.6874442,1823.312556,7.790988475,6.613383233,7.202185854
L3.1.1.2,30291.66649,33258014.14,6.24E+07,4089404.477,200.9500204,1819.04998,7.79518459,6.611660068,7.203422329
L3.1.1.2,30936.17003,33444843.22,6.28E+07,4060288.245,205.2125966,1814.787403,7.797959644,6.608556866,7.203258255
L3.1.1.2,31580.67357,33793045.42,6.36E+07,4005938.753,209.5157688,1810.484231,7.803457116,6.602704305,7.20308071
L3.1.1.2,32225.17712,34025204.88,6.41E+07,3964264.801,213.778345,1806.221655,7.80685803,6.598162656,7.202510343
L3.1.1.2,32869.68066,34424790.51,6.49E+07,3914437.841,218.0409212,1801.959079,7.812244697,6.592669401,7.202457049
L3.1.1.2,33514.1842,34730653.29,6.56E+07,3858677.879,222.3440933,1797.655907,7.816903839,6.586438525,7.201671182
L3.1.1.2,34158.68774,35058579.43,6.63E+07,3772744.785,226.6066695,1793.39333,7.821513528,6.576657427,7.199085478
L3.1.1.2,34803.19129,35359073.12,6.71E+07,3645563.892,230.8692457,1789.130754,7.82672252,6.561764714,7.194243617
L3.1.1.2,35447.69483,35420978.15,6.73E+07,3556304.55,235.1724179,1784.827582,7.828015064,6.550998945,7.189507005
L3.1.1.2,36092.19837,35779530.4,6.82E+07,3398542.818,239.434994,1780.565006,7.833784375,6.531292746,7.18253856
L3.1.1.2,36736.70191,36121162.88,6.90E+07,3240329.739,243.6975702,1776.30243,7.838849091,6.510589207,7.174719149
L3.1.1.2,37381.20546,36430847.17,6.98E+07,3093777.074,248.0007424,1771.999258,7.843855423,6.490489017,7.16717222
L3.1.1.2,38025.709,36473977.52,7.00E+07,2924054.505,252.2633186,1767.736681,7.84509804,6.465985464,7.155541752
L3.1.1.2,38670.21254,36581296.46,7.04E+07,2768455.51,256.5258948,1763.474105,7.847572659,6.442237549,7.144905104
L3.1.1.2,39314.71608,36621616.68,7.06E+07,2636112.256,260.8290669,1759.170933,7.848804701,6.4209639,7.134884301
L3.1.1.2,39959.21963,36889817.59,7.13E+07,2496905.811,265.0916431,1754.908357,7.85308953,6.39740216,7.125245845
L3.1.1.2,40603.72317,37221955.52,7.21E+07,2366532.456,269.3542193,1750.645781,7.857935265,6.374112465,7.116023865
L3.1.1.2,41248.22671,37451075.85,7.26E+07,2278493.643,273.6573915,1746.342609,7.860936621,6.357647821,7.109292221
L3.1.1.2,41892.73025,37688679.09,7.32E+07,2195400.172,277.9199677,1742.080032,7.864511081,6.341513694,7.103012387
L3.1.1.2,42537.23379,38026254.2,7.39E+07,2120695.736,282.1825438,1737.817456,7.868644438,6.326478363,7.097561401
L3.1.1.2,43181.73734,38469365.05,7.49E+07,2057786.942,286.485716,1733.514284,7.874481818,6.313400407,7.093941112
L3.1.1.2,43826.24088,38754481.82,7.55E+07,1987109.742,290.7482922,1729.251708,7.877946952,6.298221853,7.088084402
L3.1.1.2,44470.74442,39070024.51,7.62E+07,1944948.279,295.0108684,1724.989132,7.881954971,6.288908057,7.085431514
L3.1.1.2,45115.24796,39137505.62,7.64E+07,1913579.512,299.3140405,1720.685959,7.883093359,6.281846513,7.082469936
L3.1.1.2,45759.75151,39336990.72,7.68E+07,1883837.753,303.5766167,1716.423383,7.88536122,6.275043496,7.080202358
L3.1.1.2,46404.25505,39714409.52,7.76E+07,1838717.522,307.8391929,1712.160807,7.889861721,6.264515015,7.077188368
L3.1.1.2,47048.75859,40000893.39,7.82E+07,1799866.858,312.1423651,1707.857635,7.893206753,6.25524038,7.074223567
L3.1.1.2,47693.26213,40251780.13,7.88E+07,1745022.766,316.4049413,1703.595059,7.896526217,6.241801097,7.069163657
L3.1.1.2,48337.76568,40516558.25,7.93E+07,1703195.742,320.6675175,1699.332483,7.899273187,6.231264563,7.065268875
L3.1.1.2,48982.26922,40611676.58,7.96E+07,1647752.133,324.9706896,1695.02931,7.900913068,6.216891883,7.058902475
L3.1.1.2,49626.77276,40952869.6,8.03E+07,1619857.666,329.2332658,1690.766734,7.904715545,6.209476856,7.0570962
L3.1.1.2,50271.2763,41215203.91,8.08E+07,1596653.267,333.495842,1686.504158,7.907411361,6.203210614,7.055310987
L3.1.1.2,50915.77985,41259817.41,8.10E+07,1555102.677,337.7584182,1682.241582,7.908485019,6.191759069,7.050122044
L3.1.1.2,51560.28339,41518513.39,8.15E+07,1530443.845,342.0615903,1677.93841,7.911157609,6.184817399,7.047987504
L3.1.1.2,52204.78693,41736120.02,8.20E+07,1487562.219,346.3241665,1673.675833,7.913813852,6.17247514,7.043144496
L3.1.1.2,52849.29047,41943356.77,8.25E+07,1425214.725,350.5867427,1669.413257,7.916453949,6.153880301,7.035167125
L3.1.1.2,53493.79401,42293720.8,8.32E+07,1379724.867,354.8899149,1665.110085,7.920123326,6.139792492,7.029957909
L3.1.1.2,54138.29756,42599259.59,8.39E+07,1334810.315,359.1524911,1660.847509,7.923761961,6.125419554,7.024590757
L3.1.1.2,54782.8011,42818558.82,8.43E+07,1307111.231,363.4150673,1656.584933,7.925827575,6.116312546,7.02107006
L3.1.1.2,55427.30464,42937652.38,8.46E+07,1265293.629,367.7182394,1652.281761,7.927370363,6.102191321,7.014780842
L3.1.1.2,56071.80818,43296591.27,8.54E+07,1219858.89,371.9808156,1648.019184,7.931457871,6.086309596,7.008883733
L3.1.1.2,56716.31173,43546197.39,8.59E+07,1166866.254,376.2433918,1643.756608,7.933993164,6.06702108,7.000507122
L3.1.1.2,57360.81527,43755016.85,8.64E+07,1122225.595,380.546564,1639.453436,7.936513742,6.05008017,6.993296956
L3.1.1.2,58005.31881,43880535.63,8.67E+07,1096544.413,384.8091401,1635.19086,7.938019097,6.040026226,6.989022662
L3.1.1.2,58649.82235,44211293.26,8.74E+07,1046473.679,389.0717163,1630.928284,7.941511433,6.019728309,6.980619871
L3.1.1.2,59294.3259,44379082.62,8.78E+07,994395.6318,393.3748885,1626.625112,7.943494516,5.997559208,6.970526862
L3.1.1.2,59938.82944,44719375.34,8.85E+07,907789.4522,397.6374647,1622.362535,7.946943271,5.957985132,6.952464201
L3.1.1.2,60583.33298,44949633.43,8.90E+07,855841.9221,401.9000409,1618.099959,7.949390007,5.932393556,6.940891781
L3.1.1.2,61227.83652,45389915.57,9.00E+07,789508.851,406.203213,1613.796787,7.954242509,5.897357003,6.925799756
L3.1.1.2,61872.34006,45450490.97,9.02E+07,705380.9255,410.4657892,1609.534211,7.955206538,5.848423712,6.901815125
L3.1.1.2,62516.84361,45529176.84,9.04E+07,650779.8127,414.7283654,1605.271635,7.95616843,5.813434073,6.884801252
L3.1.1.2,63161.34715,45829056.44,9.11E+07,583745.839,419.0315376,1600.968462,7.959518377,5.766223798,6.862871087
L3.1.1.2,63805.85069,NaN,NaN,NaN,423.2941138,1596.705886,NaN,NaN,NaN
L3.1.1.3,0,177123422,3.52E+08,1842480.877,0,2020,8.546542663,6.265402989,7.405972826
L3.1.1.3,576.1075341,177124493,3.52E+08,1844622.777,4.833907281,2015.166093,8.546542663,6.265907567,7.406225115
L3.1.1.3,1152.215068,177128650.1,3.52E+08,1852937.112,9.667814562,2010.332185,8.546542663,6.26786068,7.407201672
L3.1.1.3,1728.322602,177120267.2,3.52E+08,1836171.287,14.50172184,2005.498278,8.546542663,6.263913192,7.405227928
L3.1.1.3,2304.430136,177101531.5,3.52E+08,1798699.783,19.33562912,2000.664371,8.546542663,6.254958682,7.400750673
L3.1.1.3,2880.537671,177087505.2,3.52E+08,1770647.2,24.16953641,1995.830464,8.546542663,6.248132037,7.39733735
L3.1.1.3,3456.645205,177076397,3.52E+08,1748430.837,29.00344369,1990.996556,8.546542663,6.242648458,7.39459556
L3.1.1.3,4032.752739,177071338.2,3.52E+08,1738313.174,33.83735097,1986.162649,8.546542663,6.240128022,7.393335343
L3.1.1.3,4608.860273,177080944.6,3.52E+08,1757525.968,38.67125825,1981.328742,8.546542663,6.244901751,7.395722207
L3.1.1.3,5184.967807,177095305.8,3.52E+08,1786248.557,43.50516553,1976.494834,8.546542663,6.251941891,7.399242277
L3.1.1.3,5761.075341,177117351.7,3.52E+08,1830340.186,48.33907281,1971.660927,8.546542663,6.262531815,7.404537239
L3.1.1.3,6337.182875,177144952.4,3.52E+08,1885541.591,53.17298009,1966.82702,8.546542663,6.275436116,7.41098939
L3.1.1.3,6913.290409,177188908.6,3.52E+08,1973454.066,58.00688737,1961.993113,8.546542663,6.295227022,7.420884843
L3.1.1.3,7489.397943,177219042.8,3.52E+08,2033722.525,62.79096056,1957.209039,8.546542663,6.308291699,7.427417181
L3.1.1.3,8065.505478,177252957.7,3.52E+08,2101552.287,67.62486784,1952.375132,8.546542663,6.3225402,7.434541432
L3.1.1.3,8641.613012,177280406.6,3.52E+08,2156449.992,72.45877512,1947.541225,8.546542663,6.333739391,7.440141027
L3.1.1.3,9217.720546,177204193,3.52E+08,2203233.387,77.2926824,1942.707318,8.546542663,6.343060504,7.444801584
L3.1.1.3,9793.82808,177234240.1,3.52E+08,2263327.531,82.12658968,1937.87341,8.546542663,6.354747406,7.450645035
L3.1.1.3,10369.93561,177256070.7,3.52E+08,2306988.688,86.96049697,1933.039503,8.546542663,6.363045465,7.454794064
L3.1.1.3,10946.04315,177279695.2,3.52E+08,2354237.787,91.79440425,1928.205596,8.546542663,6.371850326,7.459196495
L3.1.1.3,11522.15068,177296600.1,3.52E+08,2388047.632,96.62831153,1923.371688,8.546542663,6.378042985,7.462292824
L3.1.1.3,12098.25822,177306305.6,3.52E+08,2407458.656,101.4622188,1918.537781,8.546542663,6.381558838,7.464050751
L3.1.1.3,12674.36575,177317429.1,3.52E+08,2429705.509,106.2961261,1913.703874,8.546542663,6.385553638,7.466048151
L3.1.1.3,13250.47328,177317674.4,3.52E+08,2430196.108,111.1300334,1908.869967,8.546542663,6.385641321,7.466091992
L3.1.1.3,13826.58082,177324527.3,3.52E+08,2443901.885,115.9639407,1904.036059,8.546542663,6.388083766,7.467313215
L3.1.1.3,14402.68835,177323044.4,3.52E+08,2443901.885,120.7978479,1899.202152,8.546542663,6.388083766,7.467313215
L3.1.1.3,14978.79589,177325544.7,3.52E+08,2448902.407,125.6317552,1894.368245,8.546542663,6.388971478,7.467757071
L3.1.1.3,15554.90342,176152889.5,3.50E+08,2438520.946,130.4656625,1889.534338,8.544068044,6.38712649,7.465597267
L3.1.1.3,16131.01096,176144830,3.50E+08,2422402.129,135.2995698,1884.70043,8.544068044,6.38424624,7.464157142
L3.1.1.3,16707.11849,176121950.4,3.50E+08,2404607.054,140.1334771,1879.866523,8.544068044,6.381044117,7.462556081
L3.1.1.3,17283.22602,176111730.5,3.50E+08,2384167.407,144.9673843,1875.032616,8.544068044,6.377336747,7.460702395
L3.1.1.3,17859.33356,175922832.1,3.49E+08,2354237.787,149.8012916,1870.198708,8.542825427,6.371850326,7.457337877
L3.1.1.3,18435.44109,175870148.4,3.49E+08,2309809.491,154.6351989,1865.364801,8.542825427,6.363576162,7.453200794
L3.1.1.3,19011.54863,175850256.7,3.49E+08,2270026.111,159.4691062,1860.530894,8.542825427,6.356030853,7.44942814
L3.1.1.3,19587.65616,175837955.5,3.49E+08,2245423.856,164.3030135,1855.696987,8.542825427,6.351298332,7.44706188
L3.1.1.3,20163.76369,175819462.5,3.49E+08,2208437.816,169.1369207,1850.863079,8.542825427,6.344085175,7.443455301
L3.1.1.3,20739.87123,175445721.1,3.49E+08,2177327.824,173.970828,1846.029172,8.542825427,6.337923822,7.440374625
L3.1.1.3,21315.97876,175430613.1,3.49E+08,2147111.922,178.8047353,1841.195265,8.542825427,6.331854683,7.437340055
L3.1.1.3,21892.0863,175409311.8,3.49E+08,2104509.286,183.6386426,1836.361357,8.542825427,6.323150846,7.432988137
L3.1.1.3,22468.19383,175396203.8,3.49E+08,2078293.273,188.4227158,1831.577284,8.542825427,6.317706832,7.430266129
L3.1.1.3,23044.30136,175385663.5,3.49E+08,2057212.647,193.2566231,1826.743377,8.542825427,6.313279186,7.428052306
L3.1.1.3,23620.4089,175374398.8,3.49E+08,2034683.232,198.0905303,1821.90947,8.542825427,6.308496806,7.425661117
L3.1.1.3,24196.51643,175364500,3.49E+08,2014885.651,202.9244376,1817.075562,8.542825427,6.304250404,7.423537916
L3.1.1.3,24772.62397,175351082.4,3.49E+08,1988050.394,207.7583449,1812.241655,8.542825427,6.298427389,7.420626408
L3.1.1.3,25348.7315,175346760.4,3.49E+08,1979406.516,212.5922522,1807.407748,8.542825427,6.296534996,7.419680211
L3.1.1.3,25924.83903,175344285.9,3.49E+08,1974457.517,217.4261595,1802.573841,8.542825427,6.295447794,7.41913661
L3.1.1.3,26500.94657,175339688.6,3.49E+08,1965262.87,222.2600667,1797.739933,8.542825427,6.293420649,7.418123038
L3.1.1.3,27077.0541,175328786.5,3.49E+08,1943458.723,227.093974,1792.906026,8.542825427,6.288575321,7.415700374
L3.1.1.3,27653.16164,175327633.4,3.49E+08,1941152.438,231.9278813,1788.072119,8.542825427,6.288059642,7.415442534
L3.1.1.3,28229.26917,175164242.2,3.48E+08,1941152.438,236.7617886,1783.238211,8.541579244,6.288059642,7.414819443
L3.1.1.3,28805.37671,175169847.8,3.48E+08,1952363.686,241.5956959,1778.404304,8.541579244,6.290560721,7.416069983
L3.1.1.3,29381.48424,175162476.4,3.48E+08,1937620.814,246.4296031,1773.570397,8.541579244,6.287268791,7.414424017
L3.1.1.3,29957.59177,175161010.6,3.48E+08,1934689.265,251.2635104,1768.73649,8.541579244,6.286611222,7.414095233
L3.1.1.3,30533.69931,175162481.8,3.48E+08,1937631.63,256.0974177,1763.902582,8.541579244,6.287271215,7.41442523
L3.1.1.3,31109.80684,175162476.4,3.48E+08,1937620.814,260.931325,1759.068675,8.541579244,6.287268791,7.414424017
L3.1.1.3,31685.91438,175081564.6,3.48E+08,1937926.771,265.7652323,1754.234768,8.541579244,6.287337362,7.414458303
L3.1.1.3,32262.02191,175054628,3.48E+08,1941152.438,270.5991396,1749.40086,8.541579244,6.288059642,7.414819443
L3.1.1.3,32838.12944,175059326.1,3.48E+08,1950548.717,275.4330468,1744.566953,8.541579244,6.290156802,7.415868023
L3.1.1.3,33414.23698,172546530.9,3.43E+08,1944559.743,280.2669541,1739.733046,8.53529412,6.288821291,7.412057705
L3.1.1.3,33990.34451,172545980.3,3.43E+08,1943458.723,285.1008614,1734.899139,8.53529412,6.288575321,7.411934721
L3.1.1.3,34566.45205,172548633.3,3.43E+08,1948764.699,289.9347687,1730.065231,8.53529412,6.289759404,7.412526762
L3.1.1.3,35142.55958,172550281.8,3.43E+08,1952061.709,294.768676,1725.231324,8.53529412,6.290493543,7.412893831
L3.1.1.3,35718.66711,172550432.8,3.43E+08,1952363.686,299.6025832,1720.397417,8.53529412,6.290560721,7.412927421
L3.1.1.3,36294.77465,171289682.8,3.41E+08,1963211.767,304.4364905,1715.563509,8.532754379,6.292967148,7.412860764
L3.1.1.3,36870.88218,171295305.7,3.41E+08,1974457.517,309.2703978,1710.729602,8.532754379,6.295447794,7.414101086
L3.1.1.3,37446.98972,171292872.7,3.41E+08,1969591.451,314.054471,1705.945529,8.532754379,6.294376151,7.413565265
L3.1.1.3,38023.09725,171296585.8,3.41E+08,1977017.793,318.8883783,1701.111622,8.532754379,6.296010578,7.414382478
L3.1.1.3,38599.20479,171284107.8,3.41E+08,1952061.709,323.7222856,1696.277714,8.532754379,6.290493543,7.411623961
L3.1.1.3,39175.31232,171289682.8,3.41E+08,1963211.767,328.5561928,1691.443807,8.532754379,6.292967148,7.412860764
L3.1.1.3,39751.41985,171290527.6,3.41E+08,1964901.382,333.3901001,1686.6099,8.532754379,6.293340758,7.413047569
L3.1.1.3,40327.52739,171284332.8,3.41E+08,1952511.771,338.2240074,1681.775993,8.532754379,6.290593661,7.41167402
L3.1.1.3,40903.63492,171287709.3,3.41E+08,1959264.75,343.0579147,1676.942085,8.532754379,6.292093125,7.412423752
L3.1.1.3,41479.74246,171229457.5,3.41E+08,1941152.438,347.891822,1672.108178,8.532754379,6.288059642,7.41040701
L3.1.1.3,42055.84999,170464974.3,3.39E+08,1934689.265,352.7257292,1667.274271,8.530199698,6.286611222,7.40840546
L3.1.1.3,42631.95752,170113034.8,3.38E+08,1915231.737,357.5596365,1662.440363,8.5289167,6.28222133,7.405569015
L3.1.1.3,43208.06506,169946065.1,3.38E+08,1894800.664,362.3935438,1657.606456,8.5289167,6.277563528,7.403240114
L3.1.1.3,43784.17259,169935145.1,3.38E+08,1872960.507,367.2274511,1652.772549,8.5289167,6.27252862,7.40072266
L3.1.1.3,44360.28013,169919497.4,3.38E+08,1841665.228,372.0613584,1647.938642,8.5289167,6.265210688,7.397063694
L3.1.1.3,44936.38766,169898683.8,3.38E+08,1800037.888,376.8952656,1643.104734,8.5289167,6.255281646,7.392099173
L3.1.1.3,45512.49519,169883966.6,3.38E+08,1770603.529,381.7291729,1638.270827,8.5289167,6.248121325,7.388519013
L3.1.1.3,46088.60273,169863293,3.38E+08,1729256.421,386.5630802,1633.43692,8.5289167,6.237859397,7.383388049
L3.1.1.3,46664.71026,169843410.8,3.38E+08,1689491.927,391.3969875,1628.603013,8.5289167,6.227756121,7.378336411
L3.1.1.3,47240.8178,169808435,3.38E+08,1619540.372,396.2308948,1623.769105,8.5289167,6.209391779,7.369154239
L3.1.1.3,47816.92533,169775780.5,3.38E+08,1554231.414,401.0648021,1618.935198,8.5289167,6.191515683,7.360216191
L3.1.1.3,48393.03287,169712623.1,3.38E+08,1427916.54,405.8987093,1614.101291,8.5289167,6.154702824,7.341809762
L3.1.1.3,48969.1404,169321373.7,3.37E+08,1343214.163,410.7326166,1609.267383,8.527629901,6.128145262,7.327887582
L3.1.1.3,49545.24793,169285114.1,3.37E+08,1270694.979,415.5665239,1604.433476,8.527629901,6.104041314,7.315835607
L3.1.1.3,50121.35547,169238514.9,3.37E+08,1177496.483,420.4004312,1599.599569,8.527629901,6.070959619,7.29929476
L3.1.1.3,50697.463,169200824.6,3.37E+08,1102115.862,425.2343385,1594.765662,8.527629901,6.042227253,7.284928577
L3.1.1.3,51273.57054,169162319.8,3.37E+08,1025106.283,430.0682457,1589.931754,8.527629901,6.010768895,7.269199398
L3.1.1.3,51849.67807,169138785.4,3.37E+08,978037.621,434.902153,1585.097847,8.527629901,5.990355561,7.258992731
L3.1.1.3,52425.7856,169114961.1,3.37E+08,930388.9497,439.6862262,1580.313774,8.527629901,5.968664544,7.248147222
L3.1.1.3,53001.89314,169091989.5,3.37E+08,884445.7379,444.5201335,1575.479867,8.527629901,5.946671193,7.237150547
L3.1.1.3,53578.00067,169071236.2,3.37E+08,842939.1431,449.3540408,1570.645959,8.527629901,5.925796221,7.226713061
L3.1.1.3,54154.10821,168403124.2,3.36E+08,824288.3421,454.1879481,1565.812052,8.526339277,5.916079158,7.221209218
L3.1.1.3,54730.21574,168353318.3,3.36E+08,785349.4408,459.0218553,1560.978145,8.526339277,5.895062939,7.210701108
L3.1.1.3,55306.32327,168338818,3.36E+08,756348.7265,463.8557626,1556.144237,8.526339277,5.87872208,7.202530679
L3.1.1.3,55882.43081,168326063.4,3.36E+08,730839.614,468.6896699,1551.31033,8.526339277,5.86382208,7.195080678
L3.1.1.3,56458.53834,168315334.9,3.36E+08,709382.5593,473.5235772,1546.476423,8.526339277,5.850880507,7.188609892
L3.1.1.3,57034.64588,168304128.8,3.36E+08,686970.3997,478.3574845,1541.642516,8.526339277,5.836938025,7.181638651
L3.1.1.4,0,247057827.5,4.89E+08,5219395.847,0,2020,8.689308859,6.717620236,7.703464547
L3.1.1.4,491.1136986,246272254.4,4.87E+08,5873709.361,3.306592205,2016.693408,8.687528961,6.768912453,7.728220707
L3.1.1.4,982.2273972,246037327.5,4.86E+08,6537139.44,6.659109301,2013.340891,8.686636269,6.815387749,7.751012009
L3.1.1.4,1473.341096,246287235,4.86E+08,6990379.247,9.965701505,2010.034298,8.686636269,6.844500738,7.765568504
L3.1.1.4,1964.454794,246470500.3,4.86E+08,7336721.927,13.27229371,2006.727706,8.686636269,6.865502059,7.776069164
L3.1.1.4,2455.568493,246596227.6,4.86E+08,7507533.077,16.62481081,2003.375189,8.686636269,6.875497254,7.781066762
L3.1.1.4,2946.682192,246644620.2,4.86E+08,7604318.334,19.93140301,2000.068597,8.686636269,6.881060289,7.783848279
L3.1.1.4,3437.79589,247011862.9,4.86E+08,7642524.459,23.23799522,1996.762005,8.686636269,6.883236837,7.784936553
L3.1.1.4,3928.909589,247021398,4.86E+08,7661594.547,26.59051231,1993.409488,8.686636269,6.884319165,7.785477717
L3.1.1.4,4420.023287,246678007.7,4.86E+08,7671093.231,29.89710452,1990.102895,8.686636269,6.884857261,7.785746765
L3.1.1.4,4911.136986,246645891.8,4.86E+08,7687504.926,33.20369672,1986.796303,8.686636269,6.885785407,7.786210838
L3.1.1.4,5402.250685,246649475.3,4.86E+08,7694671.976,36.55621382,1983.443786,8.686636269,6.886190111,7.78641319
L3.1.1.4,5893.364383,246649475.3,4.86E+08,7694671.976,39.86280602,1980.137194,8.686636269,6.886190111,7.78641319
L3.1.1.4,6384.478082,246693162.2,4.86E+08,7701402.213,43.21532312,1976.784677,8.686636269,6.886569805,7.786603037
L3.1.1.4,6875.59178,246652840.4,4.86E+08,7701402.213,46.52191532,1973.478085,8.686636269,6.886569805,7.786603037
L3.1.1.4,7366.705479,246852022.3,4.86E+08,7701402.213,49.82850753,1970.171492,8.686636269,6.886569805,7.786603037
L3.1.1.4,7857.819178,246853697.4,4.86E+08,7704752.52,53.18102462,1966.818975,8.686636269,6.886758694,7.786697481
L3.1.1.4,8348.932876,246855410.4,4.86E+08,7708178.558,56.48761683,1963.512383,8.686636269,6.886951766,7.786794018
L3.1.1.4,8840.046575,246853697.4,4.86E+08,7704752.52,59.79420903,1960.205791,8.686636269,6.886758694,7.786697481
L3.1.1.4,9331.160274,247042976.9,4.86E+08,7704752.52,63.14672613,1956.853274,8.686636269,6.886758694,7.786697481
L3.1.1.4,9822.273972,247042976.9,4.86E+08,7704752.52,66.45331833,1953.546682,8.686636269,6.886758694,7.786697481
L3.1.1.4,10313.38767,246853697.4,4.86E+08,7704752.52,69.75991054,1950.240089,8.686636269,6.886758694,7.786697481
L3.1.1.4,10804.50137,246694837.3,4.86E+08,7704752.52,73.11242763,1946.887572,8.686636269,6.886758694,7.786697481
L3.1.1.4,11295.61507,246648921.3,4.86E+08,7693563.942,76.41901984,1943.58098,8.686636269,6.886127568,7.786381918
L3.1.1.4,11786.72877,246645891.8,4.86E+08,7687504.926,79.72561204,1940.274388,8.686636269,6.885785407,7.786210838
L3.1.1.4,12277.84247,246635797.9,4.86E+08,7687504.926,83.07812914,1936.921871,8.686636269,6.885785407,7.786210838
L3.1.1.4,12768.95616,246628580.9,4.86E+08,7673071.083,86.38472134,1933.615279,8.686636269,6.884969222,7.785802745
L3.1.1.4,13260.06986,246626227.1,4.86E+08,7668363.298,89.69131355,1930.308686,8.686636269,6.88470268,7.785669475
L3.1.1.4,13751.18356,246623324.7,4.86E+08,7662558.547,93.04383064,1926.956169,8.686636269,6.884373806,7.785505038
L3.1.1.4,14242.29726,246622842.7,4.86E+08,7661594.547,96.35042285,1923.649577,8.686636269,6.884319165,7.785477717
L3.1.1.4,14733.41096,246075631.4,4.85E+08,7639836.045,99.65701505,1920.342985,8.685741739,6.883084038,7.784412889
L3.1.1.4,15224.52466,246062485.9,4.85E+08,7613544.892,103.0095321,1916.990468,8.685741739,6.881586913,7.783664326
L3.1.1.4,15715.63836,246052247.1,4.85E+08,7593067.468,106.3161244,1913.683876,8.685741739,6.880417259,7.783079499
L3.1.1.4,16206.75205,246033319.5,4.85E+08,7555212.225,109.6686414,1910.331359,8.685741739,6.878246668,7.781994203
L3.1.1.4,16697.86575,245618832.1,4.84E+08,7480750.289,112.9752337,1907.024766,8.684845362,6.873945158,7.77939526
L3.1.1.4,17188.97945,245588166.4,4.84E+08,7419418.868,116.2818259,1903.718174,8.684845362,6.87036989,7.777607626
L3.1.1.4,17680.09315,245947682.5,4.85E+08,7383938.097,119.634343,1900.365657,8.685741739,6.868288047,7.777014893
L3.1.1.4,18171.20685,246482105.8,4.86E+08,7359933.074,122.9409352,1897.059065,8.686636269,6.866873865,7.776755067
L3.1.1.4,18662.32055,246433690.5,4.86E+08,7283290.128,126.2475274,1893.752473,8.686636269,6.86232761,7.77448194
L3.1.1.4,19153.43425,246417506.6,4.86E+08,7250922.303,129.6000445,1890.399956,8.686636269,6.860393251,7.77351476
L3.1.1.4,19644.54794,246403276.2,4.86E+08,7222461.535,132.9066367,1887.093363,8.686636269,6.858685238,7.772660753
L3.1.1.4,20135.66164,246350171.8,4.86E+08,7096065.089,136.2132289,1883.786771,8.686636269,6.85101759,7.76882693
L3.1.1.4,20626.77534,246297526.4,4.86E+08,6990774.312,139.565746,1880.434254,8.686636269,6.844525282,7.765580775
L3.1.1.4,21117.88904,246307577.2,4.86E+08,6930232.231,142.8723382,1877.127662,8.686636269,6.840747788,7.763692029
L3.1.1.4,21609.00274,246420386.8,4.86E+08,6838131.302,146.1789304,1873.82107,8.686636269,6.834937436,7.760786852
L3.1.1.4,22100.11644,246362399,4.86E+08,6722155.738,149.5314475,1870.468553,8.686636269,6.82750857,7.75707242
L3.1.1.4,22591.23014,246291485.9,4.86E+08,6580329.397,152.8380397,1867.16196,8.686636269,6.818247634,7.752441952
L3.1.1.4,23082.34383,246060394.8,4.86E+08,6435867.488,156.1446319,1863.855368,8.686636269,6.808607094,7.747621681
L3.1.1.4,23573.45753,246164593.9,4.86E+08,6326545.493,159.497149,1860.502851,8.686636269,6.801166635,7.743901452
L3.1.1.4,24064.57123,245937782.6,4.86E+08,6190643.008,162.8037412,1857.196259,8.686636269,6.791735761,7.739186015
L3.1.1.4,24555.68493,246040621.1,4.86E+08,6078599.771,166.1103334,1853.889667,8.686636269,6.783803549,7.735219909
L3.1.1.4,25046.79863,245925627.2,4.86E+08,5848612.118,169.4628505,1850.53715,8.686636269,6.76705282,7.726844545
L3.1.1.4,25537.91233,245776297.1,4.86E+08,5549951.765,172.7694427,1847.230557,8.686636269,6.744289209,7.715462739
L3.1.1.4,26029.02603,245675245.3,4.86E+08,5347848.313,176.1219598,1843.87804,8.686636269,6.72817908,7.707407675
L3.1.1.4,26520.13972,245722540.1,4.86E+08,5063878.861,179.428552,1840.571448,8.686636269,6.704483308,7.695559789
L3.1.1.4,27011.25342,245737289.2,4.87E+08,4803778.824,182.7351442,1837.264856,8.687528961,6.681583003,7.684555982
L3.1.1.4,27502.36712,245639073.3,4.87E+08,4512519.307,186.0876613,1833.912339,8.687528961,6.654419073,7.670974017
L3.1.1.4,27993.48082,245538720.8,4.87E+08,4311814.39,189.3942535,1830.605747,8.687528961,6.634660058,7.661094509
L3.1.1.4,28484.59452,245397007.4,4.87E+08,4123215.231,192.7008457,1827.299154,8.687528961,6.615236005,7.651382483
L3.1.1.4,28975.70822,245170774,4.86E+08,3960346.685,196.0533628,1823.946637,8.686636269,6.597733205,7.642184737
L3.1.1.4,29466.82192,245093029.6,4.86E+08,3804857.81,199.359955,1820.640045,8.686636269,6.580338432,7.63348735
L3.1.1.4,29957.93561,245018611.2,4.86E+08,3656020.985,202.6665472,1817.333453,8.686636269,6.56300868,7.624822475
L3.1.1.4,30449.04931,245058927,4.87E+08,3447054.528,206.0190643,1813.980936,8.687528961,6.537448153,7.612488557
L3.1.1.4,30940.16301,245006372.2,4.87E+08,3341944.905,209.3256565,1810.674343,8.687528961,6.523999286,7.605764124
L3.1.1.4,31431.27671,244996961.6,4.87E+08,3228296.029,212.6322487,1807.367751,8.687528961,6.508973352,7.598251157
L3.1.1.4,31922.39041,244955953.9,4.87E+08,3146280.507,215.9847658,1804.015234,8.687528961,6.49779744,7.5926632
L3.1.1.4,32413.50411,244919442.4,4.87E+08,3073257.527,219.291358,1800.708642,8.687528961,6.487598954,7.587563958
L3.1.1.4,32904.61781,244873019.6,4.87E+08,2980411.856,222.5979502,1797.40205,8.687528961,6.474276282,7.580902622
L3.1.1.4,33395.73151,244851642.1,4.87E+08,2937656.854,225.9504673,1794.049533,8.687528961,6.468001065,7.577765013
L3.1.1.4,33886.8452,245209681.2,4.88E+08,2884604.379,229.2570595,1790.74294,8.688419822,6.460086258,7.57425304
L3.1.1.4,34377.9589,245512619.3,4.88E+08,2837072.462,232.5636517,1787.436348,8.688419822,6.452870428,7.570645125
L3.1.1.4,34869.0726,245494199.6,4.88E+08,2800233,235.9161688,1784.083831,8.688419822,6.447194169,7.567806996
L3.1.1.4,35360.1863,245626978,4.88E+08,2771011.194,239.222761,1780.777239,8.688419822,6.44263828,7.565529051
L3.1.1.4,35851.3,245612608.7,4.88E+08,2742272.507,242.5293532,1777.470647,8.688419822,6.43811061,7.563265216
L3.1.1.4,36342.4137,245601615.3,4.88E+08,2720285.766,245.8818703,1774.11813,8.688419822,6.434614529,7.561517176
L3.1.1.4,36833.5274,245418550.9,4.88E+08,2648935.606,249.1884625,1770.811537,8.688419822,6.423071401,7.555745611
L3.1.1.4,37324.64109,245398269.1,4.88E+08,2608372.098,252.5409796,1767.45902,8.688419822,6.416369546,7.552394684
L3.1.1.4,37815.75479,245533742,4.88E+08,2584539.058,255.8475718,1764.152428,8.688419822,6.4123831,7.550401461
L3.1.1.4,38306.86849,245515285.8,4.88E+08,2547626.662,259.154164,1760.845836,8.688419822,6.406135785,7.547277804
L3.1.1.4,38797.98219,245508063.2,4.88E+08,2533181.481,262.5066811,1757.493319,8.688419822,6.403666304,7.546043063
L3.1.1.4,39289.09589,245707890.1,4.89E+08,2519520.945,265.8132733,1754.186727,8.689308859,6.401317973,7.545313416
L3.1.1.4,39780.20959,245695239.5,4.89E+08,2494219.758,269.1198655,1750.880134,8.689308859,6.396934715,7.543121787
L3.1.1.4,40271.32329,245666898.9,4.89E+08,2437538.626,272.4723826,1747.527617,8.689308859,6.386951506,7.538130183
L3.1.1.4,40762.43698,245650338.6,4.89E+08,2404418.021,275.7789748,1744.221025,8.689308859,6.381009974,7.535159417
L3.1.1.4,41253.55068,245633334,4.89E+08,2370408.873,279.085567,1740.914433,8.689308859,6.374823264,7.532066062
L3.1.1.4,41744.66438,245618293.6,4.89E+08,2340328.038,282.4380841,1737.561916,8.689308859,6.369276736,7.529292797
L3.1.1.4,42235.77808,245879206.2,4.89E+08,2320988.693,285.7446763,1734.255324,8.689308859,6.365673025,7.527490942
L3.1.1.4,42726.89178,245866057.9,4.89E+08,2294692.057,289.0512685,1730.948731,8.689308859,6.360724412,7.525016636
L3.1.1.4,43218.00548,245557371.3,4.89E+08,2218483.432,292.4037856,1727.596214,8.689308859,6.34605619,7.517682524
L3.1.1.4,43709.11918,245194111.2,4.88E+08,2200056.323,295.7103778,1724.289622,8.688419822,6.342433799,7.515426811
L3.1.1.4,44200.23287,245526981.3,4.89E+08,2157703.405,299.01697,1720.98303,8.689308859,6.333991747,7.511650303
L3.1.1.4,44691.34657,245506347.6,4.89E+08,2116435.958,302.3694871,1717.630513,8.689308859,6.325605132,7.507456995
L3.1.1.4,45182.46027,245486886.4,4.89E+08,2077513.656,305.6760794,1714.323921,8.689308859,6.317543887,7.503426373
L3.1.1.4,45673.57397,245471121.6,4.89E+08,2045983.903,308.9826716,1711.017328,8.689308859,6.310902213,7.500105536
L3.1.1.4,46164.68767,245437949.7,4.89E+08,1979640.248,312.3351887,1707.664811,8.689308859,6.296586275,7.492947567
L3.1.1.4,46655.80137,245405835.2,4.89E+08,1915411.156,315.6417809,1704.358219,8.689308859,6.282262013,7.485785436
L3.1.1.4,47146.91507,245383570.9,4.89E+08,1870882.55,318.994298,1701.005702,8.689308859,6.272046524,7.480677692
L3.1.1.4,47638.02876,245616392.4,4.89E+08,1795361.12,322.3008902,1697.69911,8.689308859,6.254151816,7.471730338
L3.1.1.4,48129.14246,245608140.5,4.90E+08,1688255.638,325.6074824,1694.392518,8.69019608,6.227438209,7.458817144
L3.1.1.4,48620.25616,245549190.3,4.90E+08,1570355.382,328.9599995,1691.040001,8.69019608,6.195997947,7.443097014
L3.1.1.5,0,5425312.58,1.07E+07,154518.7299,0,2020,7.029383778,5.18898113,6.109182454
L3.1.1.5,697.0128557,5350204.907,1.04E+07,310007.8622,3.596189051,2016.403811,7.017033339,5.491372708,6.254203024
L3.1.1.5,1394.025711,5305808.163,1.02E+07,424060.0505,7.192378101,2012.807622,7.008600172,5.627427361,6.318013766
L3.1.1.5,2091.038567,5414015.794,1.03E+07,559356.9641,10.78856715,2009.211433,7.012837225,5.747689049,6.380263137
L3.1.1.5,2788.051423,5574804.528,1.04E+07,723867.7617,14.3847562,2005.615244,7.017033339,5.859659235,6.438346287
L3.1.1.5,3485.064279,5869225.623,1.09E+07,875955.2424,17.98094525,2002.019055,7.037426498,5.942481916,6.489954207
L3.1.1.5,4182.077134,6284514.283,1.15E+07,1028860.548,21.5771343,1998.422866,7.06069784,6.012356514,6.536527177
L3.1.1.5,4879.08999,6719847.13,1.22E+07,1190950.764,25.12892596,1994.871074,7.086359831,6.075893807,6.581126819
L3.1.1.5,5576.102846,7237390.151,1.31E+07,1369032.534,28.72511501,1991.274885,7.117271296,6.136413769,6.626842532
L3.1.1.5,6273.115702,7855500.271,1.42E+07,1520245.605,32.32130406,1987.678696,7.152288344,6.181913757,6.66710105
L3.1.1.5,6970.128557,8439961.988,1.52E+07,1683872.665,35.91749311,1984.082507,7.181843588,6.226309247,6.704076417
L3.1.1.5,7667.141413,9098218.184,1.63E+07,1859944.279,39.51368216,1980.486318,7.212187604,6.269499934,6.740843769
L3.1.1.5,8364.154269,9628072.324,1.73E+07,2005797.469,43.10987121,1976.890129,7.238046103,6.302287079,6.770166591
L3.1.1.5,9061.167125,10243777.55,1.83E+07,2160236.346,46.70606026,1973.29394,7.26245109,6.334501269,6.798476179
L3.1.1.5,9758.17998,10762252.91,1.92E+07,2296177.304,50.30224931,1969.697751,7.283301229,6.36100542,6.822153324
L3.1.1.5,10455.19284,11320851.74,2.02E+07,2413547.229,53.89843836,1966.101562,7.305351369,6.382655802,6.844003586
L3.1.1.5,11152.20569,11774827.2,2.10E+07,2505553.01,57.49462741,1962.505373,7.322219295,6.398903596,6.860561445
L3.1.1.5,11849.21855,12225596.24,2.19E+07,2588577.778,61.09081646,1958.909184,7.340444115,6.413061219,6.876752667
L3.1.1.5,12546.2314,12622539.92,2.26E+07,2675781.535,64.68700552,1955.312994,7.354108439,6.427450652,6.890779546
L3.1.1.5,13243.24426,13152022,2.36E+07,2721132.602,68.28319457,1951.716805,7.372912003,6.434749706,6.903830854
L3.1.1.5,13940.25711,13499967.62,2.42E+07,2767305.418,71.83498622,1948.165014,7.383815366,6.442057093,6.91293623
L3.1.1.5,14637.26997,13901712.37,2.50E+07,2810745.934,75.43117527,1944.568825,7.397940009,6.448821591,6.9233808
L3.1.1.5,15334.28283,14308995.66,2.58E+07,2835551.994,79.02736432,1940.972636,7.411619706,6.452637615,6.932128661
L3.1.1.5,16031.29568,14564315.51,2.63E+07,2840256.572,82.62355337,1937.376447,7.419955748,6.453357573,6.936656661
L3.1.1.5,16728.30854,15048434.18,2.73E+07,2843613.408,86.21974242,1933.780258,7.436162647,6.453870553,6.9450166
L3.1.1.5,17425.32139,15511670.7,2.82E+07,2843609.278,89.81593147,1930.184069,7.450249108,6.453869923,6.952059515
L3.1.1.5,18122.33425,15838728.29,2.89E+07,2822351.509,93.41212052,1926.587879,7.460897843,6.450611102,6.955754472
L3.1.1.5,18819.3471,16269841.11,2.97E+07,2789902.677,97.00830957,1922.99169,7.472756449,6.445589054,6.959172751
L3.1.1.5,19516.35996,16600972.43,3.05E+07,2743997.134,100.6044986,1919.395501,7.484299839,6.438383653,6.961341746
L3.1.1.5,20213.37282,16883666.11,3.11E+07,2693135.052,104.2006877,1915.799312,7.492760389,6.430258132,6.961509261
L3.1.1.5,20910.38567,17213274.65,3.18E+07,2625919.036,107.7968767,1912.203123,7.50242712,6.419281332,6.960854226
L3.1.1.5,21607.39853,17513914.41,3.25E+07,2567922.151,111.3930658,1908.606934,7.511883361,6.409581854,6.960732607
L3.1.1.5,22304.41138,17805082.21,3.31E+07,2488699.85,114.9892548,1905.010745,7.519827994,6.395972522,6.957900258
L3.1.1.5,23001.42424,18028287.49,3.36E+07,2435200.079,118.5410465,1901.458954,7.526339277,6.386534649,6.956436963
L3.1.1.5,23698.43709,18151822.1,3.40E+07,2330487.859,122.1372355,1897.862764,7.531478917,6.367446845,6.949462881
L3.1.1.5,24395.44995,18409920.05,3.45E+07,2280550.916,125.7334246,1894.266575,7.537819095,6.358039773,6.947929434
L3.1.1.5,25092.46281,18805931.95,3.54E+07,2222741.059,129.3296136,1890.670386,7.549003262,6.346888872,6.947946067
L3.1.1.5,25789.47566,19085521.56,3.60E+07,2169510.963,132.9258027,1887.074197,7.556302501,6.336361849,6.946332175
L3.1.1.5,26486.48852,19390474.31,3.66E+07,2131024.477,136.5219917,1883.478008,7.563481085,6.328588438,6.946034762
L3.1.1.5,27183.50137,19643167.45,3.72E+07,2072277.394,140.1181808,1879.881819,7.57054294,6.316447889,6.943495415
L3.1.1.5,27880.51423,19837891.35,3.77E+07,2017784.326,143.7143698,1876.28563,7.57634135,6.304874744,6.940608047
L3.1.1.5,28577.52709,20202402.52,3.84E+07,1984225.155,147.3105589,1872.689441,7.584331224,6.297590951,6.940961088
L3.1.1.5,29274.53994,20458530.98,3.90E+07,1967055.926,150.9067479,1869.093252,7.591064607,6.293816708,6.942440657
L3.1.1.5,29971.5528,20818144.83,3.97E+07,1904313.443,154.502937,1865.497063,7.598790507,6.279738433,6.93926447
L3.1.1.5,30668.56565,21054046.68,4.02E+07,1885679.593,158.099126,1861.900874,7.604226053,6.275467901,6.939846977
L3.1.1.5,31365.57851,21266498.37,4.07E+07,1853440.885,161.6953151,1858.304685,7.609594409,6.267978739,6.938786574
L3.1.1.5,32062.59136,21409127.74,4.10E+07,1819545.981,165.2471067,1854.752893,7.612783857,6.259963035,6.936373446
L3.1.1.5,32759.60422,21680296.23,4.16E+07,1790871.369,168.8432958,1851.156704,7.619093331,6.253064393,6.936078862
L3.1.1.5,33456.61708,21905612.49,4.20E+07,1762804.219,172.4394848,1847.560515,7.62324929,6.246204081,6.934726686
L3.1.1.5,34153.62993,22246598.36,4.28E+07,1710860.142,176.0356739,1843.964326,7.631443769,6.233214509,6.932329139
L3.1.1.5,34850.64279,22441452.28,4.32E+07,1674425.44,179.6318629,1840.368137,7.635483747,6.223865814,6.92967478
L3.1.1.5,35547.65564,22787656.71,4.39E+07,1636354.569,183.228052,1836.771948,7.64246452,6.213877413,6.928170967
L3.1.1.5,36244.6685,23219592.23,4.48E+07,1598091.637,186.824241,1833.175759,7.651278014,6.203601679,6.927439846
L3.1.1.5,36941.68135,23464461.77,4.54E+07,1561596.806,190.4204301,1829.57957,7.657055853,6.193568912,6.925312382
L3.1.1.5,37638.69421,23701261.09,4.59E+07,1525218.451,194.0166191,1825.983381,7.661812686,6.18333205,6.922572368
L3.1.1.5,38335.70707,23868420.74,4.63E+07,1475950.524,197.6128082,1822.387192,7.665580991,6.1690718,6.917326395
L3.1.1.5,39032.71992,24100767.92,4.68E+07,1441895.074,201.2089973,1818.791003,7.670245853,6.158933658,6.914589756
L3.1.1.5,39729.73278,24401191.52,4.74E+07,1405940.922,204.8051863,1815.194814,7.675778342,6.147967072,6.911872707
L3.1.1.5,40426.74563,24640643.45,4.79E+07,1366155.002,208.4013754,1811.598625,7.680335513,6.135499977,6.907917745
L3.1.1.5,41123.75849,24854751.99,4.84E+07,1318839.721,211.953167,1808.046833,7.684845362,6.120192019,6.90251869
L3.1.1.5,41820.77134,25040612.09,4.88E+07,1266603.052,215.5493561,1804.450644,7.688419822,6.10264053,6.895530176
L3.1.1.5,42517.7842,25339738.38,4.95E+07,1226604.792,219.1455451,1800.854455,7.694605199,6.088704657,6.891654928
L3.1.1.5,43214.79706,25564015.59,4.99E+07,1192876.188,222.7417342,1797.258266,7.698100546,6.076595369,6.887347957
L3.1.1.5,43911.80991,25867134.95,5.06E+07,1155428.546,226.3379232,1793.662077,7.704150517,6.062743093,6.883446805
L3.1.1.5,44608.82277,26124784.5,5.11E+07,1120445.296,229.9341123,1790.065888,7.7084209,6.049390658,6.878905779
L3.1.1.5,45305.83562,26373888.1,5.17E+07,1096358.649,233.5303013,1786.469699,7.713490543,6.039952647,6.876721595
L3.1.1.5,46002.84848,26592005.12,5.21E+07,1072315.659,237.1264904,1782.87351,7.716837723,6.030322648,6.873580186
L3.1.1.5,46699.86133,26759560.06,5.25E+07,1040761.666,240.7226794,1779.277321,7.720159303,6.017351288,6.868755296
L3.1.1.5,47396.87419,26983675.61,5.30E+07,1007505.464,244.3188685,1775.681132,7.72427587,6.00324741,6.86376164
L3.1.1.5,48093.88705,27219956.87,5.35E+07,983146.8167,247.9150575,1772.084942,7.728353782,5.992618377,6.86048608
L3.1.1.5,48790.8999,27368872.37,5.38E+07,954382.8186,251.5112466,1768.488753,7.730782276,5.979722612,6.855252444
L3.1.1.5,49487.91276,27583859.57,5.43E+07,909693.8837,255.1074356,1764.892564,7.73479983,5.958895275,6.846847552
L3.1.1.5,50184.92561,27742397.66,5.46E+07,859573.892,258.6592273,1761.340773,7.737192643,5.934283216,6.835737929
L3.1.1.5,50881.93847,27971456.83,5.51E+07,810489.973,262.2554163,1757.744584,7.741151599,5.908747646,6.824949623
L3.1.1.5,51578.95132,28049128.98,5.53E+07,763009.0667,265.8516054,1754.148395,7.742725131,5.882529699,6.812627415
L3.1.1.5,52275.96418,28367840.11,5.60E+07,686680.3184,269.4477944,1750.552206,7.748188027,5.8367546,6.792471313
L3.1.1.5,52972.97704,28733962.36,5.68E+07,635903.0006,273.0439835,1746.956017,7.754348336,5.803390874,6.778869605
L3.1.1.5,53669.98989,28796304.83,5.71E+07,528887.9082,276.6401725,1743.359827,7.756636108,5.723363638,6.739999873
L3.1.1.5,54367.00275,28913626.01,5.74E+07,466371.9747,280.2363616,1739.763638,7.758911892,5.668732445,6.713822169
L3.1.1.5,55064.0156,29023350.03,5.76E+07,421598.5276,283.8325506,1736.167449,7.760422483,5.624899085,6.692660784
L3.1.1.5,55761.02846,29359822.61,5.83E+07,383492.0485,287.4287397,1732.57126,7.765668555,5.583756364,6.674712459
L3.1.1.5,56458.04131,29545292.24,5.87E+07,347757.9078,291.0249287,1728.975071,7.768638101,5.541277014,6.654957558
L3.1.1.5,57155.05417,29729732.04,5.91E+07,311811.9332,294.6211178,1725.378882,7.771587481,5.493892732,6.632740106
L3.1.1.5,57852.06703,29924907.1,5.95E+07,302901.2709,298.2173068,1721.782693,7.774516966,5.481301096,6.627909031
L3.1.1.5,58549.07988,30109205.89,5.99E+07,285764.3045,301.8134959,1718.186504,7.777426822,5.456007979,6.616717401
L3.1.1.5,59246.09274,30355525.86,6.04E+07,265902.2659,305.3652875,1714.634712,7.781036939,5.424722038,6.602879488
L3.1.1.5,59943.10559,30500438.14,6.07E+07,252928.432,308.9614766,1711.038523,7.783188691,5.402997652,6.593093171
L3.1.1.5,60640.11845,30719976.93,6.12E+07,244910.7546,312.5576656,1707.442334,7.786751422,5.389007856,6.587879639
L3.1.1.5,61337.1313,30955073.35,6.17E+07,237399.5563,316.1538547,1703.846145,7.790285164,5.375479903,6.582882533
L3.1.1.5,62034.14416,31114428.99,6.20E+07,228975.3224,319.7500437,1700.249956,7.792391689,5.359788679,6.576090184
L3.1.1.5,62731.15702,31286644.94,6.23E+07,223727.7533,323.3462328,1696.653767,7.794488047,5.349719861,6.572103954
L3.1.1.5,63428.16987,31490185.07,6.28E+07,220588.9252,326.9424218,1693.057578,7.797959644,5.343583705,6.570771674
L3.1.1.5,64125.18273,31541366.63,6.29E+07,216688.8882,330.5386109,1689.461389,7.798650645,5.335836641,6.567243643
L3.1.1.5,64822.19558,31602230.1,6.30E+07,214016.4987,334.1347999,1685.8652,7.799340549,5.330447255,6.564893902
L3.1.1.5,65519.20844,31740590.36,6.33E+07,209773.4793,337.730989,1682.269011,7.80140371,5.321750581,6.561577146
L3.1.1.5,66216.22129,31899499.96,6.36E+07,205968.6667,341.327178,1678.672822,7.803457116,5.313801158,6.558629137
L3.1.1.5,66913.23415,31970521.49,6.37E+07,205002.6583,344.9233671,1675.076633,7.804139432,5.311759493,6.557949462
L3.1.1.5,67610.24701,31990267.57,6.38E+07,202432.769,348.5195561,1671.480444,7.804820679,5.306280816,6.555550747
L3.1.1.5,68307.25986,32086711.93,6.40E+07,199459.1386,352.0713478,1667.928652,7.806179974,5.299853939,6.553016957
L3.1.1.5,69004.27272,NaN,NaN,NaN,355.6675368,1664.332463,NaN,NaN,NaN
L3.1.1.6,0,13263232.27,2.63E+07,225050.841,0,2020,7.419955748,5.35228064,6.386118194
L3.1.1.6,1161.75927,13423159.14,2.62E+07,651023.0554,2.296532204,2017.703468,7.418301291,5.813596369,6.61594883
L3.1.1.6,2323.518539,14714664.95,2.83E+07,1151086.762,4.593064407,2015.406936,7.451786436,6.061108059,6.756447247
L3.1.1.6,3485.277809,16335807.75,3.09E+07,1722261.598,6.889596611,2013.110403,7.489958479,6.236099118,6.863028799
L3.1.1.6,4647.037079,17959985.94,3.36E+07,2297649.032,9.186128815,2010.813871,7.526339277,6.361283691,6.943811484
L3.1.1.6,5808.796348,19939226.96,3.71E+07,2746835.155,11.44306564,2008.556934,7.56937391,6.438832597,7.004103253
L3.1.1.6,6970.555618,21382306.81,3.98E+07,2996274.477,13.73959784,2006.260402,7.599883072,6.476581595,7.038232333
L3.1.1.6,8132.314887,22971036.26,4.28E+07,3124753.337,16.03613004,2003.96387,7.631443769,6.494815741,7.063129755
L3.1.1.6,9294.074157,24473447.56,4.57E+07,3216029.907,18.33266225,2001.667338,7.6599162,6.507320079,7.083618139
L3.1.1.6,10455.83343,25992625.46,4.87E+07,3283016.06,20.62919445,1999.370806,7.687528961,6.516273007,7.101900984
L3.1.1.6,11617.5927,27433303.49,5.15E+07,3325327.11,22.92572665,1997.074273,7.711807229,6.521834373,7.116820801
L3.1.1.6,12779.35197,29166064.26,5.50E+07,3351518.179,25.22225886,1994.777741,7.740362689,6.525241579,7.132802134
L3.1.1.6,13941.11124,30413402.35,5.75E+07,3368299.483,27.51879106,1992.481209,7.759667845,6.527410699,7.143539272
L3.1.1.6,15102.87051,31815534.87,6.02E+07,3393115.244,29.81532326,1990.184677,7.779596491,6.53059861,7.155097551
L3.1.1.6,16264.62977,33442251.85,6.35E+07,3413082.301,32.11185547,1987.888145,7.802773725,6.533146761,7.167960243
L3.1.1.6,17426.38904,34510717.77,6.56E+07,3425693.952,34.36879229,1985.631208,7.816903839,6.534748561,7.1758262
L3.1.1.6,18588.14831,36179033.93,6.89E+07,3425693.952,36.66532449,1983.334676,7.838219222,6.534748561,7.186483891
L3.1.1.6,19749.90758,36758549.1,7.01E+07,3442823.698,38.9618567,1981.038143,7.845718018,6.536914784,7.191316401
L3.1.1.6,20911.66685,38204916.01,7.30E+07,3444490.68,41.2583889,1978.741611,7.86332286,6.537125014,7.200223937
L3.1.1.6,22073.42612,39220745.65,7.50E+07,3451855.615,43.5549211,1976.445079,7.875061263,6.538052622,7.206556943
L3.1.1.6,23235.18539,40073046.33,7.67E+07,3451081.26,45.85145331,1974.148547,7.884795364,6.537955185,7.211375275
L3.1.1.6,24396.94466,41030467.92,7.86E+07,3454053.764,48.14798551,1971.852014,7.895422546,6.538329093,7.21687582
L3.1.1.6,25558.70393,41800694.75,8.02E+07,3451081.26,50.44451771,1969.555482,7.904174368,6.537955185,7.221064777
L3.1.1.6,26720.4632,42570178.61,8.17E+07,3451855.615,52.74104992,1967.25895,7.912222057,6.538052622,7.225137339
L3.1.1.6,27882.22247,43236360.45,8.30E+07,3453587.142,55.03758212,1964.962418,7.919078092,6.538270419,7.228674256
L3.1.1.6,29043.98174,43682384.66,8.39E+07,3456336.592,57.29451894,1962.705481,7.923761961,6.538616029,7.231188995
L3.1.1.6,30205.74101,44361294.94,8.53E+07,3455455.307,59.59105115,1960.408949,7.930949031,6.53850528,7.234727156
L3.1.1.6,31367.50028,45342388.75,8.72E+07,3454241.046,61.88758335,1958.112417,7.940516485,6.53835264,7.239434563
L3.1.1.6,32529.25955,45819228.58,8.82E+07,3445384.123,64.18411555,1955.815884,7.945468585,6.537237648,7.241353117
L3.1.1.6,33691.01882,46355287.67,8.93E+07,3444411.84,66.48064776,1953.519352,7.950851459,6.537115073,7.243983266
L3.1.1.6,34852.77809,47287381.4,9.11E+07,3429393.281,68.77717996,1951.22282,7.959518377,6.535217293,7.247367835
L3.1.1.6,36014.53736,47835382.81,9.23E+07,3417756.589,71.07371216,1948.926288,7.965201701,6.533741129,7.249471415
L3.1.1.6,37176.29663,48105053.02,9.28E+07,3419505.157,73.37024437,1946.629756,7.967547976,6.533963263,7.25075562
L3.1.1.6,38338.0559,48250973.55,9.31E+07,3417756.589,75.66677657,1944.333223,7.968949681,6.533741129,7.251345405
L3.1.1.6,39499.81517,48601955.45,9.38E+07,3410630.906,77.96330878,1942.036691,7.972202838,6.532834723,7.252518781
L3.1.1.6,40661.57444,48907187.72,9.44E+07,3392313.753,80.2202456,1939.779754,7.974971994,6.530496013,7.252734004
L3.1.1.6,41823.33371,49243640.15,9.51E+07,3375144.322,82.5167778,1937.483222,7.978180517,6.528292348,7.253236433
L3.1.1.6,42985.09298,49885117.12,9.64E+07,3363082.248,84.81331,1935.18669,7.984077034,6.526737489,7.255407261
L3.1.1.6,44146.85225,50577597,9.78E+07,3337829.575,87.10984221,1932.890158,7.990338855,6.523464158,7.256901507
L3.1.1.6,45308.61152,50906088.64,9.85E+07,3326786.219,89.40637441,1930.593626,7.99343623,6.522024894,7.257730562
L3.1.1.6,46470.37079,51376669.32,9.95E+07,3297365.676,91.70290662,1928.297093,7.997823081,6.518167113,7.257995097
L3.1.1.6,47632.13005,51800096.16,1.00E+08,3257807.782,93.99943882,1926.000561,8,6.512925456,7.256462728
L3.1.1.6,48793.88932,52443677.37,1.02E+08,3211173.322,96.29597102,1923.704029,8.008600172,6.506663747,7.257631959
L3.1.1.6,49955.64859,52742780.48,1.02E+08,3162840.671,98.59250323,1921.407497,8.008600172,6.500077315,7.254338743
L3.1.1.6,51117.40786,53118862.15,1.03E+08,3100770.383,100.84944,1919.15056,8.012837225,6.491469607,7.252153416
L3.1.1.6,52279.16713,53354129.07,1.04E+08,3013607.052,103.1459723,1916.854028,8.017033339,6.479086623,7.248059981
L3.1.1.6,53440.9264,53564994.68,1.04E+08,2894471.257,105.4425045,1914.557496,8.017033339,6.461569241,7.23930129
L3.1.1.6,54602.68567,53951605.13,1.05E+08,2781705.593,107.7390367,1912.260963,8.021189299,6.444311164,7.232750231
L3.1.1.6,55764.44494,54013554.85,1.05E+08,2628937.217,110.0355689,1909.964431,8.021189299,6.419780215,7.220484757
L3.1.1.6,56926.20421,54090179.31,1.06E+08,2388514.335,112.3321011,1907.667899,8.025305865,6.378127852,7.201716859
L3.1.1.6,58087.96348,54036931.47,1.06E+08,2137225.12,114.6286333,1905.371367,8.025305865,6.32985027,7.177578068
L3.1.1.6,59249.72275,53904842.1,1.06E+08,1767352.149,116.9251655,1903.074835,8.025305865,6.247323092,7.136314479
L3.1.1.6,60411.48202,53959155.09,1.06E+08,1426308.998,119.2216977,1900.778302,8.025305865,6.154213622,7.089759744
L3.1.1.6,61573.24129,53914337.78,1.07E+08,1164925.041,121.5182299,1898.48177,8.029383778,6.066297981,7.047840879
L3.1.1.6,62735.00056,53896197.8,1.07E+08,925189.5906,123.7751667,1896.224833,8.029383778,5.966230738,6.997807258
L3.1.1.6,63896.75983,53843238.31,1.07E+08,744273.2054,126.0716989,1893.928301,8.029383778,5.871732384,6.950558081
L3.1.1.6,65058.5191,54248956.7,1.08E+08,651356.7632,128.3682311,1891.631769,8.033423755,5.813818927,6.923621341
L3.1.1.6,66220.27837,54300439.53,1.08E+08,606385.9967,130.6647633,1889.335237,8.033423755,5.782749164,6.90808646
L3.1.1.6,67382.03764,54417077.28,1.08E+08,557879.2179,132.9612955,1887.038704,8.033423755,5.746540183,6.889981969
L3.1.1.6,68543.79691,54586896.2,1.09E+08,533135.6769,135.2578277,1884.742172,8.037426498,5.726837746,6.882132122
L3.1.1.6,69705.55618,54740982.99,1.09E+08,495181.8666,137.5543599,1882.44564,8.037426498,5.694764733,6.866095615
L3.1.1.6,70867.31545,54936597.71,1.09E+08,478587.5604,139.8508921,1880.149108,8.037426498,5.679961406,6.858693952
L3.1.1.6,72029.07472,55038214.97,1.10E+08,458244.7425,142.1474243,1877.852576,8.041392685,5.661097491,6.851245088
L3.1.1.6,73190.83399,55500676.72,1.11E+08,447018.9536,144.4439565,1875.556043,8.045322979,5.650325938,6.847824458
L3.1.1.6,74352.59326,55699915.6,1.11E+08,431805.5542,146.7008934,1873.299107,8.045322979,5.635288224,6.840305602
L3.1.1.6,75514.35253,55743263.22,1.11E+08,423216.4971,148.9974256,1871.002574,8.045322979,5.626562588,6.835942784
L3.1.1.6,76676.1118,55919558.24,1.11E+08,415333.7785,151.2939578,1868.706042,8.045322979,5.618397253,6.831860116
L3.1.1.6,77837.87106,56101854.36,1.12E+08,410538.6419,153.59049,1866.40951,8.049218023,5.613354041,6.831286032
L3.1.1.6,78999.63033,56242183.96,1.12E+08,401322.4418,155.8870222,1864.112978,8.049218023,5.603493446,6.826355734
L3.1.1.6,80161.3896,56247266.4,1.12E+08,393612.3101,158.1835544,1861.816446,8.049218023,5.595068672,6.822143348
L3.1.1.6,81323.14887,56457081.1,1.13E+08,386854.2438,160.4800866,1859.519913,8.053078443,5.587547365,6.820312904
L3.1.1.6,82484.90814,56583722.75,1.13E+08,381331.077,162.7766188,1857.223381,8.053078443,5.5813022,6.817190322
L3.1.1.6,83646.66741,56763120.36,1.13E+08,376827.3806,165.073151,1854.926849,8.053078443,5.576142451,6.814610447
L3.1.1.6,84808.42668,56909886.18,1.13E+08,370580.7149,167.3696832,1852.630317,8.053078443,5.568882815,6.810980629
L3.1.1.6,85970.18595,57176246.02,1.14E+08,368267.3521,169.62662,1850.37338,8.056904851,5.566163219,6.811534035
L3.1.1.6,87131.94522,57211482.3,1.14E+08,365241.9172,171.9231522,1848.076848,8.056904851,5.562580614,6.809742733
L3.1.1.6,88293.70449,57212527.96,1.14E+08,365241.9172,174.2196844,1845.780316,8.056904851,5.562580614,6.809742733
L3.1.1.6,89455.46376,57317205.42,1.14E+08,354809.8366,176.5162166,1843.483783,8.056904851,5.549995652,6.803450251
L3.1.1.6,90617.22303,57470073.65,1.15E+08,352104.6487,178.8127488,1841.187251,8.06069784,5.546671759,6.8036848
L3.1.1.6,91778.9823,57502396.76,1.15E+08,340762.6239,181.109281,1838.890719,8.06069784,5.532451954,6.796574897
L3.1.1.6,92940.74157,57542698.32,1.15E+08,332480.8788,183.4058132,1836.594187,8.06069784,5.521766674,6.791232257
L3.1.1.6,94102.50084,57638443.27,1.15E+08,329807.5552,185.7023454,1834.297655,8.06069784,5.5182606,6.78947922
L3.1.1.6,95264.26011,57805972.83,1.15E+08,327283.3146,187.9988776,1832.001122,8.06069784,5.514923865,6.787810853
L3.1.1.6,96426.01938,58070467.85,1.16E+08,312784.1736,190.2954098,1829.70459,8.064457989,5.49524477,6.77985138
L3.1.1.6,97587.77865,58723277.78,1.17E+08,308771.7937,192.5523467,1827.447653,8.068185862,5.489637621,6.778911741
L3.1.1.6,98749.53792,58814731.97,1.17E+08,291977.7049,194.8488789,1825.151121,8.068185862,5.46534969,6.766767776
L3.1.1.6,99911.29719,58895224.33,1.18E+08,284467.9338,197.1454111,1822.854589,8.071882007,5.454033318,6.762957663
L3.1.1.6,101073.0565,58890824.42,1.18E+08,275668.1231,199.4419433,1820.558057,8.071882007,5.440386549,6.756134278
L3.1.1.6,102234.8157,59095453.79,1.18E+08,259329.9472,201.7384755,1818.261525,8.071882007,5.413852672,6.742867339
L3.1.1.6,103396.575,59107310.04,1.18E+08,240179.1551,204.0350077,1815.964992,8.071882007,5.380535313,6.72620866
L3.1.1.6,104558.3343,59304440.1,1.18E+08,231905.4882,206.3315399,1813.66846,8.071882007,5.365311027,6.718596517
L3.1.1.6,105720.0935,59383901.55,1.19E+08,203816.2445,208.6280721,1811.371928,8.075546961,5.309238795,6.692392878
L3.1.1.6,106881.8528,59715693.04,1.19E+08,172743.316,210.9246043,1809.075396,8.075546961,5.237401252,6.656474107
L3.1.1.6,108043.6121,59792407.4,1.19E+08,141612.078,213.1815411,1806.818459,8.075546961,5.151100296,6.613323629
L3.1.1.6,109205.3713,60113364.48,1.20E+08,124564.7873,215.4780733,1804.521927,8.079181246,5.095395291,6.587288268
L3.1.1.6,110367.1306,60348234.04,1.21E+08,106950.8744,217.7746055,1802.225394,8.08278537,5.02918434,6.555984855
L3.1.1.6,111528.8899,60406701.83,1.21E+08,97608.20228,220.0711377,1799.928862,8.08278537,4.989486314,6.536135842
L3.1.1.6,112690.6492,60626118.16,1.21E+08,88680.94795,222.3676699,1797.63233,8.08278537,4.947830327,6.515307849
L3.1.1.6,113852.4084,60623311.8,1.21E+08,83068.22109,224.6642021,1795.335798,8.08278537,4.91943491,6.50111014
L3.1.1.6,115014.1677,NaN,NaN,NaN,226.9607343,1793.039266,NaN,NaN,NaN
other,0,155031.436180941,4739108.994,19013.11311,0,2020,6.675696697,4.279053232,5.19041977
other,646.1612494,815437.3402406147,6141090.939,207232.6568,6.001161293,2013.998839,6.788245529,5.316458195,5.911390595
other,1292.322499,1778815.7584751903,8699858.123,440269.6424,12.05111251,2007.948887,6.93951217,5.643718741,6.250130968
other,1938.483748,2880214.036700447,1.12E+07,716851.2688,18.05227381,2001.947726,7.049218023,5.855429058,6.459424763
other,2584.644998,3767963.2432461884,1.33E+07,975757.952,24.0534351,1995.946565,7.123851641,5.989342099,6.576106658
other,3230.806247,4438951.024353999,1.52E+07,1276931.91,30.10338632,1989.896614,7.181843588,6.10616774,6.647280353
other,3876.967496,4926074.270802324,1.72E+07,1540657.745,36.10454762,1983.895452,7.235528447,6.187706172,6.692500955
other,4523.128746,5318036.964481782,1.90E+07,1782450.515,42.10570891,1977.894291,7.278753601,6.251017482,6.725751352
other,5169.289995,5678385.988431111,2.07E+07,1968813.759,48.15566013,1971.84434,7.315970345,6.294204636,6.75422491
other,5815.451245,5947446.543862299,2.27E+07,2101296.895,54.15682142,1965.843179,7.356025857,6.322487419,6.774330547
other,6461.612494,6184447.27979244,2.45E+07,2216207.465,60.15798272,1959.842017,7.389166084,6.345610413,6.791300892
other,7107.773743,6411429.775961512,2.59E+07,2301688.576,66.20793394,1953.792066,7.413299764,6.362046562,6.80695489
other,7753.934993,6602336.742150333,2.74E+07,2366603.192,72.20909523,1947.790905,7.437750563,6.374125446,6.819697671
other,8400.096242,6754866.949297956,2.88E+07,2405947.739,78.21025652,1941.789743,7.459392488,6.38128619,6.829616799
other,9046.257491,6912305.949137013,3.02E+07,2455336.483,84.26020775,1935.739792,7.480006943,6.390111017,6.839622952
other,9692.418741,7046941.454139483,3.13E+07,2479163.308,90.26136904,1929.738631,7.495544338,6.394305136,6.848000663
other,10338.57999,7173438.381887524,3.25E+07,2506970.961,96.26253033,1923.73747,7.511883361,6.399149303,6.855727372
other,10984.74124,7256629.636424175,3.38E+07,2513397.59,102.3124816,1917.687518,7.5289167,6.400261194,6.860734958
other,11630.90249,7355571.144386843,3.51E+07,2520145.588,108.3136428,1911.686357,7.545307116,6.401425631,6.8666164
other,12277.06374,7453689.292621836,3.61E+07,2525645.377,114.3148041,1905.685196,7.557507202,6.402372372,6.872371285
other,12923.22499,7524404.9918691665,3.74E+07,2530613.385,120.3647554,1899.635245,7.572871602,6.403225801,6.876472163
other,13569.38624,7575382.822850487,3.86E+07,2538996.948,126.3659167,1893.634083,7.586587305,6.404662179,6.879404585
other,14215.54749,7637316.636929919,3.99E+07,2542495.89,132.3670779,1887.632922,7.600972896,6.40526026,6.882940796
other,14861.70874,7689708.107296474,4.10E+07,2541866.195,138.4170292,1881.582971,7.612783857,6.405152685,6.885909855
other,15507.86999,7755367.598740947,4.22E+07,2538955.238,144.4181905,1875.58181,7.625312451,6.404655044,6.889602388
other,16154.03123,7796820.385646662,4.38E+07,2538548.263,150.4193518,1869.580648,7.641474111,6.404585425,6.89191753
other,16800.19248,7850362.251169753,4.53E+07,2538996.948,156.469303,1863.530697,7.656098202,6.404662179,6.894889698
other,17446.35373,7894317.284494497,4.66E+07,2538955.238,162.4704643,1857.529536,7.668385917,6.404655044,6.897314577
other,18092.51498,7925987.477477532,4.75E+07,2538996.948,168.4716256,1851.528374,7.67669361,6.404662179,6.899053382
other,18738.67623,7954340.940198517,4.86E+07,2538996.948,174.5215768,1845.478423,7.686636269,6.404662179,6.900604202
other,19384.83748,7966292.0190188,4.98E+07,2538996.948,180.5227381,1839.477262,7.697229343,6.404662179,6.901256222
other,20030.99873,7991281.126393898,5.09E+07,2538081.69,186.5726893,1833.427311,7.706717782,6.404505596,6.902616409
other,20677.15998,8005654.3275493635,5.17E+07,2535640.13,192.5738506,1827.426149,7.713490543,6.404087616,6.903396834
other,21323.32123,8022182.374734843,5.25E+07,2530790.282,198.5750119,1821.424988,7.720159303,6.403256158,6.904292531
other,21969.48248,8033302.157506947,5.35E+07,2529463.773,204.6249631,1815.375037,7.728353782,6.403028464,6.904894102
other,22615.64373,8044578.527915982,5.45E+07,2514548.532,210.6261244,1809.373876,7.736396502,6.400460022,6.905503295
other,23261.80498,8048094.776086101,5.60E+07,2506753.793,216.6272857,1803.372714,7.748188027,6.399111681,6.905693082
other,23907.96623,8063311.713138357,5.70E+07,2493800.689,222.6772369,1797.322763,7.755874856,6.396861741,6.906513449
other,24554.12748,8069686.625009159,5.80E+07,2488152.097,228.6783982,1791.321602,7.763427994,6.395876925,6.90685667
other,25200.28873,8079196.855963453,5.91E+07,2479074.993,234.6795595,1785.320441,7.771587481,6.394289665,6.90736819
other,25846.44998,8083447.920831112,5.98E+07,2472909.86,240.7295107,1779.270489,7.776701184,6.393208286,6.907596645
other,26492.61123,8090135.626862877,6.02E+07,2463355.002,246.730672,1773.269328,7.779596491,6.391527004,6.907955802
other,27138.77247,8092027.461627417,6.10E+07,2449627.766,252.7318333,1767.268167,7.785329835,6.389100096,6.908057348
other,27784.93372,8097702.411200012,6.18E+07,2439275.396,258.7817845,1761.218215,7.790988475,6.387260835,6.908361812
other,28431.09497,8103612.024242332,6.34E+07,2435274.39,264.7829458,1755.217054,7.802089258,6.386547902,6.90867864
other,29077.25622,8118868.307726775,6.42E+07,2425453.107,270.7841071,1749.215893,7.807535028,6.384792883,6.909495497
other,29723.41747,8119330.040257843,6.52E+07,2421221.945,276.8340583,1743.165942,7.814247596,6.384034602,6.909520195
other,30369.57872,8127477.164241337,6.56E+07,2405510.447,282.8352196,1737.16478,7.816903839,6.381207247,6.909955758
other,31015.73997,8125639.841693228,6.65E+07,2390824.836,288.8363809,1731.163619,7.822821645,6.378547759,6.909857569
other,31661.90122,8122750.471899441,6.71E+07,2376815.132,294.8863321,1725.113668,7.82672252,6.375995404,6.909703112
other,32308.06247,8122750.471899441,6.82E+07,2371289.242,300.8874934,1719.112507,7.833784375,6.374984531,6.909703112
other,32954.22372,8122750.471899441,6.95E+07,2367619.084,306.8886547,1713.111345,7.841984805,6.374311832,6.909703112
other,33600.38497,8125639.841693228,7.06E+07,2364825.75,312.938606,1707.061394,7.848804701,6.373799146,6.909857569
other,34246.54622,8118868.307726775,7.12E+07,2363021.083,318.9397672,1701.060233,7.852479994,6.373467596,6.909495497
other,34892.70747,8120615.60158589,7.17E+07,2357546.667,324.9409285,1695.059071,7.855519156,6.372460298,6.909588953
other,35538.86872,8118698.76371435,7.24E+07,2351905.913,330.9908798,1689.00912,7.859738566,6.371419944,6.909486428
other,36185.02997,8116097.727493551,7.27E+07,2349747.648,336.9920411,1683.007959,7.861534411,6.371021224,6.909347268
other,36831.19122,8121858.393161954,7.40E+07,2337454.308,342.9932023,1677.006798,7.86923172,6.36874313,6.909655413
other,37477.35246,8122073.581122313,7.52E+07,2330960.28,349.0431536,1670.956846,7.876217841,6.367534873,6.90966692
other,38123.51371,8120615.60158589,7.62E+07,2329930.075,355.0443149,1664.955685,7.881954971,6.367342887,6.909588953
other,38769.67496,8127438.417764192,7.68E+07,2324806.618,361.0454762,1658.954524,7.88536122,6.366386833,6.909953687
other,39415.83621,8127438.417764192,7.80E+07,2320249.765,367.0954274,1652.904573,7.892094603,6.365534737,6.909953687
other,40061.99746,8120615.60158589,7.85E+07,2314745.016,373.0965887,1646.903411,7.894869657,6.364503158,6.909588953
other,40708.15871,8118497.580050913,7.89E+07,2310711.903,379.09775,1640.90225,7.897077003,6.363745801,6.909475666
other,41354.31996,8112963.829027108,7.95E+07,2306671.432,385.1477012,1634.852299,7.900367129,6.362985737,6.90917954
other,42000.48121,8098565.121326595,8.03E+07,2301688.576,391.1488625,1628.851138,7.904715545,6.362046562,6.908408079
other,42646.64246,8097702.411200012,8.08E+07,2287340.479,397.1500238,1622.849976,7.907411361,6.359330816,6.908361812
other,43292.80371,8092963.494604248,8.11E+07,2287340.479,403.199975,1616.800025,7.909020854,6.359330816,6.908107581
other,43938.96496,8082900.837059275,8.14E+07,2286764.61,409.2011363,1610.798864,7.910624405,6.359221462,6.907567251
other,44585.12621,8082507.265366599,8.20E+07,2279448.188,415.2022976,1604.797702,7.913813852,6.357829725,6.907546104
other,45231.28746,8075472.884081993,8.30E+07,2268027.613,421.2522488,1598.747751,7.919078092,6.355648338,6.907167963
other,45877.44871,8070206.135623871,8.42E+07,2262359.163,427.2534101,1592.74659,7.925312091,6.354561553,6.906884628
other,46523.60996,8065467.393337203,8.57E+07,2252368.131,433.2545714,1586.745429,7.932980822,6.352639374,6.90662954
other,47169.77121,8062463.340473043,8.60E+07,2249552.042,439.3045226,1580.695477,7.934498451,6.352096045,6.906467753
other,47815.93246,8055307.419454098,8.68E+07,2230875.807,445.3056839,1574.694316,7.938519725,6.348475394,6.906082119
other,48462.0937,8052162.105627516,8.72E+07,2218897.457,451.3068452,1568.693155,7.940516485,6.346137232,6.905912509
other,49108.25495,8057174.989094306,8.81E+07,2201310.374,457.3567964,1562.643204,7.944975908,6.34268128,6.906182796
other,49754.4162,8052162.105627516,8.91E+07,2177722.05,463.3579577,1556.642042,7.949877704,6.338002448,6.905912509
other,50400.57745,8047157.521667842,9.04E+07,2158144.577,469.359119,1550.640881,7.95616843,6.334080535,6.905642503
other,51046.7387,8045196.757472281,9.10E+07,2121555.203,475.4090702,1544.59093,7.959041392,6.326654337,6.90553667
other,51692.89995,8045015.885949501,9.14E+07,2084605.469,481.4102315,1538.589768,7.960946196,6.319023873,6.905526906
other,52339.0612,8045015.885949501,9.16E+07,2037098.616,487.4113928,1532.588607,7.961895474,6.309012054,6.905526906
other,52985.22245,8042293.814653422,9.22E+07,2012562.727,493.461344,1526.538656,7.964730921,6.303749425,6.905379935
other,53631.3837,8041826.418039562,9.30E+07,1956595.581,499.4625053,1520.537495,7.968482949,6.291501068,6.905354695
other,54277.54495,8033695.123430317,9.33E+07,1895878.598,505.4636666,1514.536333,7.969881644,6.277810524,6.904915346
other,54923.7062,8031605.823387237,9.35E+07,1825290.027,511.5136178,1508.486382,7.970811611,6.261331881,6.904802386
other,55569.86745,8031605.823387237,9.36E+07,1727667.087,517.5147791,1502.485221,7.971275849,6.23746006,6.904802386
other,56216.0287,8029011.341593902,9.40E+07,1635052.129,523.5159404,1496.48406,7.973127854,6.213531603,6.904662071
other,56862.18995,8033108.219146532,9.43E+07,1475925.918,529.5658916,1490.434108,7.974511693,6.169064559,6.904883618
other,57508.3512,8033302.157506947,9.53E+07,1375390.266,535.5670529,1484.432947,7.979092901,6.138425946,6.904894102
other,58154.51245,8026722.158403439,9.55E+07,1284582.786,541.5682142,1478.431786,7.980003372,6.108762098,6.90453823
other,58800.67369,8030859.290260889,9.63E+07,1192333.714,547.6181655,1472.381835,7.983626287,6.076397824,6.904762017
other,59446.83494,8025359.891916736,9.75E+07,1073022.804,553.6193267,1466.380673,7.989004616,6.030608952,6.904464517
other,60092.99619,8020195.872103398,9.83E+07,1016143.344,559.669278,1460.330722,7.992553518,6.006954977,6.904184975
other,60739.15744,8012648.422071575,9.90E+07,972082.8501,565.6704393,1454.329561,7.995635195,5.987703281,6.903776087
other,61385.31869,8010106.772955273,9.92E+07,943199.1773,571.6716006,1448.328399,7.996511672,5.974603413,6.903638305
other,62031.47994,8009657.858660629,1.00E+08,881483.9199,577.7215518,1442.278448,8,5.945214394,6.903613965
other,62677.64119,8003909.151798406,1.01E+08,840409.8952,583.7227131,1436.277287,8.004321374,5.924491157,6.903302151
other,63323.80244,8001902.274462253,1.02E+08,814719.7605,589.7238744,1430.276126,8.008600172,5.91100825,6.903193243
other,63969.96369,NaN,NaN,NaN,595.7738256,1424.226174,NaN,NaN,NaN
